Aroldis Chapman,Yankees,4,1,2.15,0,41,40.0,25,9,2,65,18,1.07,14.76,4.03,2.17,1.1,10233
Noah Syndergaard,Mets,8,4,2.90,19,20,114.0,99,37,9,135,26,1.10,10.65,2.02,2.61,3.7,11762
Ken Giles,Astros,2,1,2.98,0,45,44.0,36,14,4,59,13,1.12,12.15,2.75,2.61,0.9,12910
Andrew Miller,Indians,5,1,2.24,0,41,42.0,30,10,4,64,15,1.06,13.81,3.19,2.65,0.9,6785
Kenley Jansen,Dodgers,2,1,2.70,0,45,45.0,34,13,5,62,12,1.02,12.45,2.40,2.66,1.0,3096
Felipe Vazquez,Pirates,4,2,2.80,0,52,52.0,41,16,3,62,18,1.15,10.79,3.11,2.72,1.1,12076
Craig Kimbrel,Red Sox,3,1,2.73,0,45,42.0,28,13,5,70,16,1.04,14.88,3.47,2.73,1.0,6655
Clayton Kershaw,Dodgers,11,4,2.71,19,19,123.0,98,37,14,145,20,0.96,10.60,1.47,2.75,3.8,2036
Roberto Osuna,Blue Jays,3,1,2.61,0,49,50.0,41,14,5,56,8,0.98,10.14,1.46,2.78,1.1,13764
Sean Doolittle,Nationals,2,1,3.08,0,38,35.0,28,12,5,49,7,0.98,12.56,1.68,2.79,0.8,1581
David Robertson,Yankees,5,2,2.86,0,43,45.0,33,14,4,63,16,1.09,12.59,3.15,2.79,1.0,8241
Max Scherzer,Nationals,11,5,2.85,22,22,139.0,106,44,16,189,37,1.03,12.24,2.38,2.81,4.4,3137
Ryan Madson,Nationals,5,2,2.87,0,40,39.0,34,12,2,40,10,1.14,9.20,2.37,2.81,0.7,1852
Luis Severino,Yankees,10,5,2.99,23,23,140.0,120,46,13,163,35,1.11,10.50,2.27,2.88,4.3,15890
Chad Green,Yankees,3,1,2.98,0,44,54.0,43,18,6,74,17,1.09,12.28,2.74,2.90,1.1,15552
Keone Kela,Rangers,4,2,3.01,0,35,33.0,25,11,3,44,13,1.15,12.18,3.50,2.90,0.7,14696
Jeurys Familia,Mets,3,2,2.91,0,46,44.0,37,14,2,50,19,1.24,10.05,3.75,2.92,0.8,5114
Corey Kluber,Indians,12,6,3.06,22,22,149.0,128,51,15,166,31,1.07,10.00,1.86,2.96,4.5,2429
Will Smith,Giants,1,1,2.99,0,32,26.0,22,9,2,32,12,1.31,11.25,4.11,2.96,0.4,8048
Brett Cecil,Cardinals,2,2,3.31,0,42,36.0,33,13,3,39,10,1.21,9.63,2.51,2.99,0.7,2660
Brandon Morrow,Cubs,4,2,3.06,0,40,38.0,34,13,2,40,13,1.23,9.49,3.09,3.01,0.6,9346
James Hoyt,Astros,1,1,3.19,0,32,36.0,30,13,3,47,13,1.20,11.96,3.31,3.01,0.6,14605
Dan Winkler,Braves,1,1,2.95,0,27,24.0,20,8,2,30,8,1.17,11.30,3.00,3.04,0.4,12237
Brad Hand,Padres,3,2,3.09,0,51,54.0,41,18,5,74,21,1.15,12.36,3.50,3.05,0.9,9111
James Paxton,Mariners,7,5,3.31,19,19,105.0,95,39,10,120,31,1.19,10.21,2.61,3.06,3.0,11828
Edwin Diaz,Mariners,4,2,3.12,0,51,50.0,37,17,6,72,19,1.13,12.97,3.46,3.06,0.9,14710
Jacob deGrom,Mets,9,6,3.19,22,22,134.0,118,48,13,148,36,1.14,9.96,2.40,3.06,4.0,10954
Carl Edwards Jr.,Cubs,4,2,3.14,0,50,46.0,29,16,4,71,28,1.25,14.02,5.49,3.06,0.8,13607
Chris Sale,Red Sox,12,6,2.94,22,22,152.0,129,50,16,174,30,1.05,10.30,1.77,3.09,4.3,10603
Cody Allen,Indians,4,2,3.10,0,49,47.0,38,16,4,58,17,1.16,11.04,3.30,3.11,0.8,12183
Will Harris,Astros,3,2,3.17,0,39,37.0,32,13,3,39,10,1.15,9.65,2.50,3.12,0.6,3192
Hector Rondon,Astros,3,2,3.28,0,41,39.0,35,14,4,44,9,1.12,10.14,2.15,3.15,0.6,2391
Joakim Soria,White Sox,3,2,3.38,0,42,40.0,36,15,4,47,13,1.21,10.40,2.87,3.15,0.8,6941
Aaron Nola,Phillies,10,8,3.40,22,22,134.0,128,51,13,134,31,1.19,8.98,2.07,3.16,3.8,16149
Stephen Strasburg,Nationals,9,6,3.43,21,21,125.0,111,48,15,147,31,1.14,10.63,2.21,3.16,3.1,10131
Jonathan Holder,Yankees,2,1,3.32,0,37,43.0,39,16,5,47,10,1.15,9.96,2.08,3.17,0.7,16588
Wade Davis,Rockies,2,1,3.21,0,41,39.0,30,14,4,51,17,1.21,11.87,3.95,3.17,0.7,7441
Drew Steckenrider,Marlins,2,1,3.20,0,43,45.0,36,16,4,60,22,1.29,12.10,4.41,3.18,0.7,18806
Chris Devenski,Astros,5,3,3.14,0,42,51.0,41,18,6,62,15,1.09,10.79,2.60,3.18,0.8,12763
Tommy Kahnle,Yankees,2,1,3.45,0,40,39.0,31,15,3,53,20,1.30,12.27,4.69,3.19,0.7,11384
Brad Brach,Orioles,4,2,3.29,0,44,48.0,39,17,4,55,20,1.23,10.33,3.76,3.19,0.9,6627
Josh Fields,Dodgers,2,2,3.55,0,43,41.0,37,16,4,46,13,1.21,10.11,2.74,3.20,0.6,5070
Justin Verlander,Astros,9,5,3.22,20,20,132.0,107,47,14,149,37,1.09,10.17,2.54,3.20,3.7,8700
Corey Knebel,Brewers,2,1,3.14,0,44,43.0,32,15,5,68,20,1.19,14.14,4.19,3.21,0.7,15010
Blake Parker,Angels,2,2,3.37,0,46,43.0,35,16,5,54,15,1.17,11.33,3.09,3.21,0.7,5224
Joe Kelly,Red Sox,2,1,3.14,0,41,41.0,36,14,2,44,18,1.31,9.50,3.93,3.21,0.7,9761
Archie Bradley,Diamondbacks,3,2,3.41,0,50,54.0,47,20,5,62,20,1.24,10.31,3.27,3.22,1.0,12918
Lance McCullers Jr.,Astros,7,4,3.40,18,18,98.0,90,37,8,111,38,1.30,10.20,3.49,3.23,2.4,14120
Blake Treinen,Athletics,3,2,3.48,0,48,52.0,48,20,3,51,19,1.31,8.81,3.36,3.23,0.7,12572
Ryan Pressly,Twins,3,2,3.47,0,48,54.0,48,21,4,56,19,1.24,9.36,3.22,3.24,0.8,7005
Jerry Blevins,Mets,2,1,3.36,0,50,31.0,26,12,2,39,15,1.30,11.18,4.30,3.24,0.5,7841
Dellin Betances,Yankees,4,2,3.11,0,47,45.0,32,16,5,70,24,1.24,14.01,4.84,3.27,0.7,6216
Liam Hendriks,Athletics,1,1,3.91,0,43,38.0,34,17,4,46,15,1.27,10.76,3.49,3.27,0.5,3548
Mychal Givens,Orioles,3,2,3.20,0,46,54.0,43,19,5,65,22,1.22,10.89,3.77,3.28,1.0,10430
Pedro Strop,Cubs,4,2,3.24,0,47,41.0,33,15,3,47,16,1.18,10.36,3.45,3.28,0.6,4070
Adam Liberatore,Dodgers,2,1,3.31,0,30,26.0,22,9,2,29,9,1.22,10.30,3.29,3.30,0.3,10637
A.J. Minter,Braves,2,1,3.64,0,33,31.0,26,12,3,39,14,1.30,11.34,4.13,3.31,0.5,18655
Chris Archer,Rays,8,7,3.56,24,24,143.0,131,57,16,163,44,1.22,10.27,2.76,3.31,3.5,6345
Alex Claudio,Rangers,3,2,3.26,1,46,54.0,56,20,3,35,9,1.21,5.78,1.57,3.33,0.8,12890
Derek Law,Giants,2,2,3.57,0,39,42.0,41,17,2,37,16,1.34,7.99,3.35,3.33,0.5,13133
Michael Feliz,Pirates,3,3,3.68,3,36,51.0,44,21,6,66,21,1.29,11.72,3.71,3.34,1.0,11903
Sam Tuivailala,Cardinals,1,1,3.37,0,30,32.0,28,12,2,36,14,1.32,10.09,4.05,3.36,0.4,13485
Josh Hader,Brewers,3,2,3.22,0,46,48.0,33,17,7,79,25,1.21,14.79,4.66,3.36,0.7,14212
Hunter Strickland,Giants,3,2,3.30,0,48,43.0,39,16,4,43,14,1.23,8.96,2.98,3.37,0.6,7836
Gerrit Cole,Astros,9,7,3.54,22,22,135.0,125,53,15,145,34,1.18,9.67,2.25,3.37,3.5,13125
Carlos Carrasco,Indians,11,7,3.30,22,22,138.0,123,51,17,148,30,1.11,9.64,1.96,3.38,3.2,6632
Justin Wilson,Cubs,3,2,3.53,0,47,41.0,31,16,3,57,25,1.36,12.37,5.52,3.38,0.6,4301
Jacob Barnes,Brewers,2,2,3.66,0,45,46.0,41,19,3,50,21,1.34,9.68,4.01,3.39,0.6,12323
Nick Vincent,Mariners,3,3,3.61,0,47,44.0,43,18,4,42,11,1.22,8.47,2.25,3.39,0.6,7555
Andrew Chafin,Diamondbacks,1,1,3.58,0,51,42.0,36,17,3,44,18,1.32,9.52,4.00,3.39,0.5,12988
Oliver Drake,Indians,3,2,3.60,0,41,41.0,35,16,3,48,20,1.34,10.54,4.32,3.40,0.6,8823
James Pazos,Mariners,3,2,3.33,0,39,39.0,34,14,3,45,15,1.25,10.33,3.40,3.40,0.5,13323
Tony Watson,Giants,4,2,3.08,0,48,46.0,42,16,4,43,13,1.19,8.34,2.46,3.41,0.6,3132
Jose Alvarez,Angels,2,2,3.52,0,50,44.0,42,17,4,43,14,1.27,8.80,2.93,3.41,0.6,5358
Adam Warren,Yankees,2,2,3.55,0,36,40.0,34,16,3,40,14,1.20,8.94,3.10,3.42,0.6,9029
Kirby Yates,Padres,3,2,3.33,0,42,39.0,32,15,5,56,16,1.20,12.83,3.57,3.42,0.5,9073
Jose Quintana,Cubs,9,7,3.54,22,22,134.0,123,53,13,134,42,1.24,9.04,2.83,3.42,3.0,11423
Aaron Loup,Blue Jays,2,1,3.44,0,47,40.0,37,15,3,41,16,1.31,9.22,3.49,3.43,0.5,10343
Kenta Maeda,Dodgers,8,6,3.49,19,21,108.0,97,42,12,110,28,1.17,9.24,2.38,3.43,2.3,18498
Cory Mazzoni,Cubs,1,1,3.84,0,19,25.0,24,11,3,27,6,1.23,9.89,2.21,3.44,0.3,12537
Edubray Ramos,Phillies,3,3,3.71,0,50,51.0,46,21,6,59,19,1.27,10.45,3.29,3.46,0.7,16086
Anthony Swarzak,Mets,3,2,3.58,0,38,42.0,37,17,5,46,13,1.20,9.90,2.77,3.46,0.5,7466
Phil Maton,Padres,2,2,3.55,0,42,43.0,39,17,5,51,14,1.21,10.49,2.86,3.47,0.5,18064
Jake Diekman,Rangers,2,1,3.72,0,38,32.0,26,13,2,38,20,1.44,10.94,5.72,3.49,0.4,5003
Raisel Iglesias,Reds,2,2,3.38,0,44,48.0,43,18,5,52,17,1.25,9.65,3.21,3.49,0.6,17130
Greg Holland,Cardinals,3,2,3.66,0,39,34.0,27,14,2,41,21,1.39,10.80,5.43,3.49,0.4,7196
Kelvin Herrera,Royals,3,2,3.73,0,46,42.0,41,17,5,43,12,1.28,9.23,2.66,3.49,0.5,6033
Yu Darvish,Cubs,8,6,3.56,21,21,119.0,103,47,15,146,42,1.22,10.99,3.18,3.49,2.8,13074
Alex Colome,Rays,3,3,3.42,0,49,49.0,47,19,5,47,15,1.25,8.53,2.74,3.51,0.6,6661
Joe Jimenez,Tigers,2,2,3.60,0,43,39.0,35,16,3,41,15,1.30,9.63,3.59,3.51,0.5,15761
Shohei Ohtani,Angels,7,5,3.52,16,16,98.0,85,39,10,115,39,1.26,10.50,3.60,3.51,2.1,19755
David Hernandez,Reds,2,2,3.63,0,41,38.0,35,15,4,41,13,1.28,9.87,3.09,3.52,0.4,4259
Darren O'Day,Orioles,2,1,3.31,0,38,36.0,29,13,5,47,11,1.11,11.62,2.82,3.53,0.6,3321
Addison Reed,Twins,3,2,3.58,0,55,53.0,52,21,7,55,12,1.20,9.27,2.09,3.53,0.8,10586
Robbie Ray,Diamondbacks,7,6,3.78,21,21,112.0,96,47,14,155,50,1.30,12.38,4.01,3.53,2.5,11486
Alex Wood,Dodgers,8,6,3.49,18,20,108.0,102,42,12,101,28,1.20,8.45,2.32,3.54,2.1,13781
Walker Buehler,Dodgers,3,2,3.64,14,24,69.0,58,28,8,89,28,1.27,11.60,3.73,3.55,1.3,19374
Carlos Martinez,Cardinals,9,7,3.35,23,23,141.0,128,52,12,143,50,1.26,9.15,3.23,3.55,3.0,11682
Steve Cishek,Cubs,3,2,3.29,0,44,40.0,33,15,3,43,18,1.29,9.70,4.09,3.55,0.4,6483
Zack Greinke,Diamondbacks,9,7,3.55,21,21,128.0,118,50,17,128,26,1.13,9.01,1.86,3.55,2.9,1943
Jeremy Jeffress,Brewers,3,2,3.40,0,45,46.0,44,17,3,41,19,1.37,7.94,3.70,3.55,0.6,9490
John Curtiss,Twins,1,1,3.59,0,30,34.0,29,14,2,39,18,1.37,10.40,4.64,3.55,0.4,16128
Jim Johnson,Angels,3,3,3.84,0,45,43.0,42,18,4,40,14,1.32,8.38,3.01,3.57,0.5,3656
Nick Wittgren,Marlins,2,2,3.79,0,35,38.0,37,16,4,37,11,1.26,8.69,2.52,3.57,0.4,15594
Seung Hwan Oh,Blue Jays,3,2,3.63,0,44,43.0,40,17,6,47,10,1.17,9.77,2.14,3.57,0.6,18719
Dan Otero,Indians,2,1,3.51,0,37,43.0,44,17,4,30,6,1.18,6.30,1.31,3.57,0.5,7385
Dominic Leone,Cardinals,2,2,3.64,0,46,47.0,42,19,6,54,18,1.27,10.36,3.36,3.58,0.4,13763
Tommy Hunter,Phillies,2,2,3.70,0,39,37.0,36,15,4,32,9,1.19,7.81,2.11,3.59,0.4,1157
David Price,Red Sox,8,7,3.78,18,20,117.0,116,49,14,116,29,1.24,8.98,2.25,3.59,2.7,3184
Kyle Barraclough,Marlins,3,2,3.49,0,49,47.0,36,18,3,61,32,1.44,11.71,6.11,3.60,0.5,13713
Dan Jennings,Brewers,2,2,3.70,0,49,42.0,42,17,2,34,18,1.43,7.25,3.80,3.60,0.5,8073
Jake Petricka,Blue Jays,1,1,3.86,0,26,28.0,29,12,2,21,8,1.35,6.87,2.71,3.61,0.4,10534
Matt Belisle,Indians,1,1,3.37,0,34,34.0,33,13,3,27,9,1.23,7.26,2.42,3.61,0.4,1837
Blaine Hardy,Tigers,2,2,3.78,1,40,44.0,44,18,4,36,13,1.31,7.37,2.68,3.61,0.7,6499
Arodys Vizcaino,Braves,3,3,3.62,0,43,39.0,34,16,4,45,19,1.34,10.37,4.25,3.62,0.4,5498
Trevor Bauer,Indians,9,8,3.78,22,23,131.0,121,55,14,140,48,1.28,9.62,3.26,3.62,2.9,12703
Collin McHugh,Astros,5,4,3.67,14,20,85.0,83,35,9,81,24,1.26,8.61,2.55,3.63,1.6,7531
Marcus Stroman,Blue Jays,7,7,3.78,21,21,128.0,128,54,12,110,38,1.30,7.77,2.69,3.63,2.6,13431
Noe Ramirez,Angels,3,2,3.61,0,38,47.0,42,19,5,50,19,1.30,9.59,3.62,3.64,0.5,12800
Jon Gray,Rockies,7,7,4.02,19,19,106.0,105,47,12,110,33,1.30,9.39,2.78,3.64,2.6,14916
Taylor Rogers,Twins,3,3,3.77,0,52,52.0,52,22,4,43,17,1.32,7.45,2.90,3.64,0.5,13449
Luke Weaver,Cardinals,7,7,3.79,20,20,100.0,100,42,10,91,28,1.27,8.17,2.50,3.65,2.2,16918
Luiz Gohara,Braves,5,5,3.83,18,20,90.0,84,38,8,94,38,1.35,9.37,3.77,3.67,2.0,15166
AJ Ramos,Mets,3,2,3.52,0,49,43.0,35,17,4,53,26,1.41,11.16,5.42,3.68,0.5,8350
Jameson Taillon,Pirates,5,6,3.87,20,20,105.0,108,45,11,95,30,1.31,8.15,2.54,3.68,1.9,11674
Luke Gregerson,Cardinals,2,2,3.61,0,41,37.0,34,15,5,41,12,1.20,9.94,2.77,3.68,0.3,4090
Dallas Keuchel,Astros,9,7,3.69,19,19,117.0,108,48,12,100,34,1.21,7.66,2.60,3.69,2.4,9434
Yusmeiro Petit,Athletics,2,2,3.98,1,38,57.0,56,25,8,55,12,1.20,8.75,1.92,3.69,0.6,4020
Scott Alexander,Dodgers,3,2,3.72,0,42,49.0,47,20,3,41,21,1.38,7.64,3.79,3.69,0.4,10591
Brian Duensing,Cubs,1,1,3.66,0,44,38.0,36,16,3,34,15,1.33,8.03,3.48,3.70,0.4,4064
Heath Hembree,Red Sox,2,2,3.73,0,42,46.0,44,19,6,50,15,1.30,9.80,2.98,3.71,0.4,11632
Johnny Cueto,Giants,7,6,3.56,18,18,112.0,106,44,12,101,30,1.21,8.06,2.43,3.72,2.2,6893
Luis Garcia,Phillies,3,3,3.79,0,49,46.0,45,19,3,42,22,1.46,8.15,4.38,3.72,0.5,6984
Brad Ziegler,Marlins,2,2,3.57,0,39,38.0,38,15,2,25,11,1.30,6.05,2.69,3.73,0.3,7293
Carson Smith,Red Sox,2,2,3.80,0,33,31.0,29,13,3,31,13,1.37,9.00,3.86,3.73,0.3,13172
Zach Duke,Twins,2,1,3.37,0,43,32.0,28,12,2,34,15,1.35,9.34,4.28,3.74,0.3,3840
Gio Gonzalez,Nationals,8,7,3.92,22,22,125.0,119,54,12,121,50,1.35,8.71,3.59,3.74,2.2,7448
Luis Avilan,White Sox,2,2,3.89,0,48,38.0,36,17,3,40,18,1.38,9.31,4.14,3.74,0.4,2882
Blake Snell,Rays,8,8,3.82,24,24,129.0,118,55,14,138,56,1.35,9.66,3.89,3.75,2.4,13543
Nate Jones,White Sox,2,2,3.67,0,34,32.0,28,13,5,39,10,1.19,10.84,2.91,3.75,0.4,4696
Brandon Kintzler,Nationals,2,2,3.70,0,45,43.0,46,18,3,28,12,1.32,5.90,2.46,3.75,0.4,9939
Charlie Morton,Astros,7,6,3.80,18,18,99.0,89,42,11,108,35,1.26,9.81,3.22,3.76,1.9,4676
Juan Nicasio,Mariners,4,4,4.06,3,45,60.0,58,27,8,64,19,1.29,9.59,2.91,3.76,0.6,7731
Craig Stammen,Padres,2,2,3.83,0,36,46.0,45,19,5,42,15,1.30,8.33,2.90,3.77,0.3,7274
Adam Ottavino,Rockies,2,2,3.88,0,43,38.0,31,16,4,52,20,1.37,12.39,4.87,3.77,0.4,1247
Trevor Hildenberger,Twins,3,3,4.05,0,41,48.0,48,22,7,47,10,1.19,8.75,1.87,3.78,0.5,17002
Matt Barnes,Red Sox,2,2,3.74,0,48,46.0,41,19,5,54,22,1.37,10.53,4.29,3.78,0.4,12863
Chaz Roe,Rays,2,2,3.80,0,36,37.0,33,16,4,43,15,1.28,10.36,3.57,3.78,0.4,9866
Miguel Socolovich,Braves,2,2,4.02,0,29,35.0,35,15,4,30,11,1.31,7.74,2.74,3.79,0.4,6697
Tony Barnette,Rangers,1,1,3.94,0,32,36.0,35,16,4,36,13,1.34,9.03,3.21,3.79,0.4,3555
Bryan Shaw,Rockies,4,3,3.85,0,54,50.0,47,21,5,48,19,1.32,8.71,3.44,3.80,0.5,8110
Tyler Skaggs,Angels,4,4,3.93,15,15,78.0,77,34,8,71,26,1.32,8.21,2.95,3.80,1.3,10190
Matt Bush,Rangers,2,2,3.91,0,39,37.0,35,16,4,40,14,1.32,9.59,3.49,3.80,0.4,1246
Joe Smith,Astros,3,3,3.86,0,44,40.0,39,17,4,36,13,1.30,8.09,2.85,3.81,0.4,3281
Paul Sewald,Mets,2,3,4.07,0,44,53.0,49,24,8,58,15,1.23,9.93,2.63,3.81,0.6,13892
Peter Moylan,Braves,1,1,3.95,0,44,34.0,33,15,2,29,17,1.45,7.77,4.43,3.82,0.2,4891
Michael Wacha,Cardinals,7,7,4.04,21,21,115.0,115,52,12,105,40,1.35,8.19,3.12,3.82,2.0,14078
Edward Paredes,Dodgers,2,1,3.68,0,25,26.0,22,11,3,33,13,1.35,11.17,4.59,3.83,0.2,4168
Richard Rodriguez,Pirates,3,3,3.86,1,33,52.0,49,22,7,53,15,1.24,9.30,2.53,3.83,0.4,13549
Chasen Bradford,Mariners,2,2,3.88,0,32,38.0,41,16,4,28,8,1.29,6.50,1.94,3.83,0.3,12452
Jon Lester,Cubs,8,7,3.73,22,22,124.0,116,52,15,122,38,1.25,8.85,2.79,3.84,2.2,4930
Matt Andriese,Rays,4,5,3.97,14,22,85.0,86,37,12,79,19,1.23,8.35,2.00,3.84,1.4,12022
Jeff Samardzija,Giants,6,7,4.12,19,19,115.0,113,52,15,104,28,1.23,8.17,2.19,3.86,2.0,3254
J.A. Happ,Blue Jays,7,7,3.91,18,18,105.0,101,46,14,103,31,1.25,8.79,2.64,3.86,1.9,7410
Tyler Olson,Indians,1,1,3.89,0,43,39.0,37,17,5,41,13,1.27,9.47,2.94,3.87,0.4,14741
Jose Berrios,Twins,10,10,3.98,24,24,134.0,128,59,16,134,42,1.27,8.97,2.84,3.87,2.7,14168
Gregory Infante,White Sox,2,2,3.80,0,38,39.0,36,16,2,35,21,1.45,8.22,4.77,3.87,0.4,9119
Bruce Rondon,White Sox,3,4,4.22,0,41,39.0,33,18,3,47,25,1.51,11.04,5.93,3.88,0.3,5766
Matt Bowman,Cardinals,3,3,3.98,0,49,44.0,43,20,4,38,16,1.33,7.75,3.24,3.88,0.3,13528
Ross Stripling,Dodgers,4,4,3.98,8,29,68.0,66,30,8,63,20,1.28,8.43,2.69,3.89,1.0,13273
D.J. Snelten,Giants,3,3,3.85,0,32,42.0,42,18,3,35,17,1.42,7.42,3.74,3.90,0.2,15949
Nick Gardewine,Rangers,1,1,4.04,0,26,30.0,29,13,3,28,11,1.36,8.50,3.47,3.90,0.2,16513
Rick Porcello,Red Sox,9,9,3.95,22,22,137.0,147,60,19,123,28,1.28,8.08,1.85,3.90,2.3,2717
Matt Albers,Brewers,3,3,3.70,0,39,36.0,34,15,4,33,10,1.22,8.19,2.56,3.90,0.4,4300
Ryan Buchter,Athletics,2,2,3.84,0,42,38.0,33,16,4,40,18,1.33,9.66,4.19,3.91,0.4,9456
Enny Romero,Pirates,2,2,4.03,0,38,40.0,36,18,4,42,18,1.37,9.45,4.09,3.91,0.3,4001
Kyle Hendricks,Cubs,7,6,3.70,20,20,118.0,114,48,15,102,29,1.22,7.83,2.19,3.92,1.9,12049
Edgar Santana,Pirates,1,2,4.08,0,44,52.0,54,24,6,45,16,1.33,7.71,2.74,3.93,0.3,17355
Masahiro Tanaka,Yankees,8,8,3.93,21,21,127.0,121,55,20,125,26,1.16,8.87,1.84,3.93,2.5,15764
Shane Greene,Tigers,3,3,3.90,0,49,47.0,43,20,5,50,20,1.34,9.66,3.84,3.93,0.4,10756
Scott Oberg,Rockies,1,1,4.18,0,42,40.0,40,19,3,37,17,1.42,8.17,3.83,3.93,0.4,13911
Eduardo Rodriguez,Red Sox,5,6,4.05,20,21,110.0,103,49,15,120,38,1.28,9.83,3.11,3.94,1.7,13164
Donnie Hart,Orioles,1,1,3.94,0,39,37.0,38,16,4,28,11,1.32,6.82,2.59,3.94,0.3,15306
John Axford,Blue Jays,1,2,4.11,0,34,34.0,32,15,3,33,17,1.45,8.72,4.52,3.94,0.2,9059
Tyler Lyons,Cardinals,2,2,3.80,0,40,47.0,43,20,7,52,14,1.20,9.85,2.60,3.95,0.3,11334
Chasen Shreve,Yankees,3,3,3.97,0,40,41.0,35,18,6,54,19,1.31,11.87,4.10,3.95,0.3,10855
Tyler Glasnow,Pirates,6,7,4.12,17,23,99.0,87,45,11,121,55,1.44,11.03,5.01,3.95,1.4,14374
Zach McAllister,Indians,2,2,3.80,0,39,43.0,42,18,6,45,15,1.32,9.44,3.12,3.95,0.3,2895
Kazuhisa Makita,Padres,2,2,4.06,0,34,38.0,41,17,4,26,8,1.28,6.00,1.89,3.96,0.3,19757
Daniel Coulombe,Athletics,2,2,4.00,0,45,40.0,37,18,4,40,18,1.38,9.02,4.07,3.96,0.2,13293
Garrett Richards,Angels,6,7,3.99,17,17,99.0,90,44,11,96,39,1.31,8.77,3.59,3.96,1.7,9784
Cam Bedrosian,Angels,3,4,4.26,0,42,38.0,37,18,5,41,15,1.36,9.62,3.52,3.96,0.2,13360
Brad Peacock,Astros,4,4,4.06,13,25,80.0,71,36,11,92,35,1.32,10.28,3.89,3.96,1.2,5401
Pedro Baez,Dodgers,3,3,3.82,0,48,47.0,42,20,6,52,19,1.30,9.89,3.65,3.97,0.3,5420
Jose Alvarado,Rays,2,3,3.93,0,42,43.0,36,19,2,47,30,1.55,9.74,6.33,3.98,0.2,17780
Juan Minaya,White Sox,2,2,4.10,0,33,38.0,36,18,3,38,20,1.45,8.91,4.77,3.99,0.4,10341
Adam Cimber,Padres,2,3,4.13,1,36,50.0,53,23,6,40,11,1.28,7.31,2.01,3.99,0.4,15288
Sonny Gray,Yankees,8,8,4.00,21,21,121.0,112,54,14,110,43,1.28,8.19,3.21,4.00,2.4,12768
Michael Fulmer,Tigers,7,7,4.03,19,19,117.0,115,52,13,95,32,1.26,7.31,2.46,4.00,2.0,13218
Jose Leclerc,Rangers,2,3,4.12,0,38,46.0,39,21,3,52,33,1.57,10.21,6.55,4.00,0.5,14524
Sam Freeman,Braves,1,2,4.04,1,44,42.0,39,19,3,43,25,1.52,9.07,5.38,4.00,0.3,6832
Patrick Corbin,Diamondbacks,8,8,4.10,21,22,123.0,126,56,16,121,40,1.35,8.87,2.92,4.00,2.0,9323
Trevor Gott,Nationals,2,2,4.18,0,34,37.0,39,17,3,29,16,1.46,6.96,3.82,4.00,0.2,15046
Kevin Shackelford,Reds,1,2,4.21,0,34,42.0,42,20,4,41,19,1.45,8.80,4.07,4.01,0.3,11012
Tyler Webb,Padres,2,2,4.07,1,25,36.0,34,16,5,42,13,1.30,10.38,3.31,4.01,0.2,14974
Chris Martin,Rangers,1,1,4.09,0,31,33.0,35,15,4,27,10,1.39,7.57,2.87,4.01,0.2,11847
Josh Lucas,Athletics,3,3,3.96,0,30,39.0,39,17,5,38,13,1.32,8.62,2.94,4.01,0.2,11686
Drew Pomeranz,Red Sox,7,7,3.90,20,20,105.0,97,45,13,106,41,1.32,9.09,3.56,4.02,1.6,11426
Sean Manaea,Athletics,6,9,4.30,21,21,116.0,117,55,14,101,34,1.30,7.82,2.64,4.02,1.8,15873
Ryan Dull,Athletics,2,2,4.25,0,38,37.0,34,17,6,39,12,1.24,9.58,2.85,4.03,0.2,13974
Jack Flaherty,Cardinals,6,6,4.01,19,20,101.0,101,45,13,96,32,1.33,8.59,2.91,4.03,1.6,17479
Zack Godley,Diamondbacks,7,7,4.14,19,20,113.0,107,52,14,118,47,1.37,9.40,3.78,4.04,2.0,14862
Nick Pivetta,Phillies,6,9,4.33,22,22,116.0,114,56,17,121,38,1.32,9.44,2.98,4.04,2.1,15454
Jake Arrieta,Phillies,7,9,4.05,21,21,114.0,109,51,14,111,41,1.31,8.75,3.20,4.04,2.0,4153
Luke Jackson,Braves,1,2,4.08,2,34,43.0,41,20,3,40,23,1.50,8.44,4.88,4.04,0.3,11752
Mike Minor,Rangers,4,4,3.86,4,37,58.0,54,25,8,61,18,1.24,9.51,2.83,4.04,0.8,10021
Sam Dyson,Giants,3,4,4.13,0,46,45.0,45,20,4,35,18,1.42,6.96,3.60,4.04,0.1,11710
Trevor Oaks,Royals,5,6,4.07,14,14,85.0,95,38,9,52,15,1.30,5.53,1.60,4.05,1.2,16468
Josh Smoker,Pirates,1,2,4.19,0,39,44.0,44,20,6,47,17,1.40,9.61,3.58,4.05,0.3,10285
Sean Newcomb,Braves,6,8,4.17,22,22,112.0,102,52,10,127,69,1.52,10.20,5.50,4.05,1.6,16943
Rex Brothers,Braves,2,2,4.36,0,32,27.0,21,13,2,37,22,1.60,12.37,7.27,4.05,0.1,9794
Miles Mikolas,Cardinals,6,7,4.01,20,20,114.0,117,51,14,96,32,1.31,7.61,2.53,4.06,1.7,9803
Ryan Tepera,Blue Jays,3,3,3.90,0,47,49.0,43,21,6,53,19,1.28,9.81,3.49,4.06,0.4,10291
Buddy Baumann,Mets,1,2,4.14,2,22,32.0,30,14,4,32,13,1.36,9.12,3.74,4.06,0.2,9309
Jace Fry,White Sox,1,1,4.16,0,31,34.0,31,16,2,33,23,1.61,8.82,6.20,4.07,0.2,16159
Jared Hughes,Reds,3,3,3.52,0,46,43.0,42,17,4,33,15,1.32,6.88,3.06,4.08,0.2,9325
Lou Trivino,Athletics,3,4,4.17,0,35,45.0,44,21,3,35,22,1.47,7.06,4.46,4.08,0.2,15043
Luis Castillo,Reds,6,7,4.11,20,21,112.0,109,51,16,106,32,1.25,8.47,2.58,4.09,1.8,15689
Bud Norris,Cardinals,4,5,4.28,9,34,70.0,66,33,9,75,26,1.33,9.75,3.41,4.09,0.8,9492
Ivan Nova,Pirates,7,8,4.10,19,19,113.0,122,52,15,84,22,1.27,6.66,1.74,4.10,1.6,1994
Michael Soroka,Braves,5,7,4.23,17,17,93.0,97,43,10,70,28,1.35,6.80,2.71,4.10,1.3,18383
John Brebbia,Cardinals,1,1,3.92,0,39,48.0,47,21,7,48,12,1.22,8.96,2.18,4.10,0.2,12777
Adam Wainwright,Cardinals,5,7,4.31,15,15,84.0,88,40,9,66,30,1.40,7.06,3.16,4.10,1.4,2233
Wade LeBlanc,Mariners,3,3,4.36,8,25,69.0,71,33,9,57,18,1.29,7.45,2.29,4.10,0.9,5221
Andrew Kittredge,Rays,2,3,4.03,3,35,54.0,54,24,7,49,18,1.32,8.07,3.00,4.11,0.4,12828
Rich Hill,Dodgers,6,6,3.96,16,16,78.0,67,35,11,91,33,1.27,10.44,3.73,4.12,1.2,4806
Vince Velasquez,Phillies,5,8,4.44,19,20,101.0,99,50,17,117,36,1.33,10.45,3.19,4.12,1.7,11189
Mike Leake,Mariners,6,9,4.47,21,21,120.0,134,59,15,85,25,1.33,6.37,1.86,4.14,1.6,10130
Richard Bleier,Orioles,2,2,3.93,0,43,50.0,55,22,5,23,9,1.30,4.26,1.59,4.14,0.3,7803
Jake McGee,Rockies,1,2,4.29,0,43,37.0,37,17,5,35,11,1.33,8.56,2.79,4.15,0.3,7550
Ryan Sherriff,Cardinals,2,3,4.15,0,35,39.0,41,18,4,31,14,1.40,7.19,3.23,4.15,0.1,12249
Fernando Salas,Diamondbacks,3,3,4.46,0,46,45.0,47,22,7,42,14,1.35,8.32,2.71,4.15,0.3,4971
Hyun-Jin Ryu,Dodgers,4,5,4.06,15,15,77.0,79,35,11,73,24,1.33,8.54,2.75,4.15,1.0,14444
Mike Clevinger,Indians,6,7,4.20,20,23,108.0,102,50,14,111,46,1.38,9.28,3.86,4.16,1.5,12808
Matt Grace,Nationals,1,2,4.31,1,34,41.0,44,20,4,30,15,1.44,6.58,3.32,4.16,0.2,11449
Andrew Heaney,Angels,4,4,4.04,12,12,68.0,69,30,10,64,19,1.31,8.51,2.58,4.17,0.9,15423
Sammy Solis,Nationals,2,2,4.25,0,35,31.0,28,15,4,35,16,1.40,10.18,4.47,4.17,0.1,11457
Kyle McGrath,Padres,0,1,4.30,0,27,32.0,32,15,5,32,8,1.24,9.05,2.13,4.18,0.2,16793
Santiago Casilla,Athletics,2,3,4.15,0,38,38.0,36,17,4,36,15,1.36,8.55,3.63,4.18,0.2,2873
Sergio Romo,Rays,1,2,4.12,1,41,37.0,34,17,7,43,12,1.22,10.37,2.82,4.18,0.1,9817
Matt Shoemaker,Angels,4,5,4.14,12,12,68.0,69,31,10,60,18,1.28,7.96,2.39,4.19,0.9,4776
Zach Davies,Brewers,7,9,4.22,22,22,123.0,129,58,14,93,37,1.35,6.85,2.71,4.20,1.8,13183
Brandon Maurer,Royals,2,3,4.61,0,42,39.0,41,20,5,34,12,1.36,7.82,2.85,4.20,0.1,4878
Daniel Hudson,Dodgers,2,3,4.34,0,44,41.0,38,20,5,42,19,1.41,9.26,4.22,4.20,0.2,7146
Tyler Clippard,Blue Jays,3,4,4.21,0,48,43.0,36,20,6,51,20,1.32,10.74,4.22,4.20,0.2,5640
Reyes Moronta,Giants,1,2,4.39,0,36,35.0,31,17,4,43,23,1.53,11.06,5.78,4.21,0.1,14966
Yoshihisa Hirano,Diamondbacks,3,3,4.30,0,40,36.0,37,17,5,35,13,1.37,8.55,3.13,4.21,0.1,19756
Boone Logan,Brewers,1,1,4.17,0,29,19.0,16,9,3,24,10,1.40,11.88,4.76,4.22,0.1,5525
Alex Wilson,Tigers,2,3,4.24,0,43,44.0,46,21,5,31,12,1.32,6.30,2.44,4.22,0.2,9239
Nick Kingham,Pirates,4,6,4.43,13,14,73.0,80,36,9,55,19,1.35,6.72,2.36,4.22,0.9,11694
Austin Brice,Reds,2,2,4.25,0,37,47.0,46,22,6,42,16,1.33,8.05,3.15,4.22,0.2,17237
Clayton Richard,Padres,5,8,4.48,18,20,109.0,124,55,13,82,34,1.45,6.76,2.83,4.22,1.3,3551
Jordan Montgomery,Yankees,5,6,4.33,20,20,102.0,100,49,14,95,36,1.34,8.41,3.22,4.22,1.9,16511
Tanner Roark,Nationals,7,8,4.24,21,21,124.0,123,59,16,109,39,1.31,7.89,2.86,4.22,1.7,8753
Eric Stout,Royals,2,3,4.29,1,27,40.0,41,19,3,28,18,1.49,6.29,4.04,4.24,0.1,16873
Kevin Gausman,Orioles,6,9,4.43,23,23,127.0,133,62,20,120,39,1.35,8.51,2.75,4.24,2.1,14107
Wander Suero,Nationals,1,2,4.20,0,34,38.0,39,18,4,32,16,1.43,7.47,3.71,4.24,0.1,15855
Jimmie Sherfy,Diamondbacks,1,2,4.17,0,33,32.0,29,15,5,40,14,1.33,11.42,3.90,4.25,0.1,15118
Fernando Rodney,Twins,3,4,4.27,0,44,39.0,36,19,5,42,19,1.40,9.73,4.39,4.25,0.2,494
Tyler Duffey,Twins,2,3,4.58,0,41,50.0,52,25,8,46,13,1.31,8.23,2.31,4.25,0.2,13758
Jake Faria,Rays,5,7,4.15,20,21,107.0,99,49,14,111,46,1.35,9.33,3.86,4.25,1.4,13699
Blake Wood,Angels,2,3,4.63,0,44,44.0,46,23,5,39,21,1.52,8.03,4.31,4.25,0.1,1345
Brandon Woodruff,Brewers,5,6,4.31,16,17,77.0,78,37,10,71,28,1.37,8.26,3.24,4.25,1.3,16162
Anthony Banda,Rays,5,7,4.20,17,19,95.0,90,44,12,89,39,1.35,8.45,3.66,4.25,1.4,14706
Kyle Gibson,Twins,6,8,4.50,22,22,120.0,124,60,13,98,47,1.42,7.33,3.50,4.25,1.9,10123
Tanner Scott,Orioles,1,1,4.37,12,22,43.0,35,21,2,49,38,1.72,10.28,8.05,4.26,0.6,17586
Daniel Mengden,Athletics,5,7,4.55,17,18,90.0,95,45,11,71,28,1.38,7.16,2.85,4.26,1.3,16980
Marco Gonzales,Mariners,4,6,4.51,16,18,88.0,97,44,12,72,23,1.37,7.37,2.40,4.26,1.1,15467
Tony Sipp,Astros,1,1,4.19,0,33,27.0,25,13,4,28,11,1.31,9.21,3.48,4.27,0.1,8280
Marc Rzepczynski,Mariners,1,1,4.10,0,44,24.0,23,11,2,23,14,1.55,8.84,5.45,4.27,0.0,6612
Danny Barnes,Blue Jays,1,2,4.47,0,37,45.0,44,22,8,51,13,1.28,10.21,2.70,4.28,0.3,11388
Aaron Sanchez,Blue Jays,5,6,4.05,19,19,105.0,102,47,10,82,46,1.42,7.02,3.99,4.28,1.5,11490
Bobby Poyner,Red Sox,1,1,4.17,0,28,38.0,39,18,6,38,10,1.30,9.01,2.47,4.28,0.2,17987
George Kontos,Pirates,3,4,4.21,0,44,44.0,44,20,6,35,13,1.30,7.22,2.64,4.28,0.1,9486
Brian Flynn,Royals,2,3,4.16,2,26,45.0,47,21,4,32,16,1.41,6.48,3.26,4.28,0.2,12027
Shawn Kelley,Nationals,2,2,4.45,0,33,26.0,25,13,5,33,8,1.26,11.19,2.89,4.28,0.1,7773
Hector Neris,Phillies,3,4,4.17,0,50,51.0,47,23,8,59,21,1.33,10.47,3.68,4.29,0.2,11804
Jordan Lyles,Padres,2,4,4.70,8,29,69.0,73,36,8,58,25,1.41,7.58,3.27,4.30,0.5,7593
Brandon McCarthy,Braves,3,5,4.50,13,14,72.0,79,36,9,54,22,1.40,6.74,2.78,4.31,0.8,4662
Luis Perdomo,Padres,4,7,4.52,16,18,92.0,102,46,10,69,35,1.49,6.75,3.40,4.31,1.0,14682
Colten Brewer,Padres,1,1,4.39,0,26,34.0,34,17,4,31,15,1.42,8.08,3.83,4.31,0.1,12997
Keynan Middleton,Angels,2,2,4.19,0,49,48.0,47,23,7,50,20,1.39,9.32,3.76,4.32,0.1,15264
Dan Altavilla,Mariners,3,3,4.27,0,45,48.0,45,23,6,51,24,1.42,9.52,4.41,4.32,0.1,16507
Steven Matz,Mets,4,6,4.36,16,16,80.0,83,39,11,76,29,1.40,8.63,3.24,4.33,0.9,13361
Cory Gearrin,Giants,2,2,4.09,0,44,41.0,38,18,5,40,19,1.42,8.94,4.28,4.33,0.0,7947
J.T. Chargois,Dodgers,1,1,3.98,0,35,33.0,30,14,3,32,18,1.46,8.82,4.96,4.33,0.0,13767
Cole Hamels,Rangers,6,6,4.03,19,19,109.0,105,49,14,97,39,1.33,8.01,3.23,4.34,1.4,4972
Gabriel Moya,Twins,2,2,4.45,0,42,42.0,40,21,6,45,18,1.37,9.73,3.77,4.34,0.3,16348
Andrew Triggs,Athletics,3,4,4.60,13,13,74.0,78,38,9,61,25,1.40,7.48,3.09,4.34,0.9,13533
Trevor Cahill,Athletics,2,4,4.53,9,23,59.0,60,30,8,61,27,1.47,9.31,4.11,4.34,0.5,6249
T.J. McFarland,Diamondbacks,2,4,4.61,2,32,49.0,58,25,5,28,15,1.48,5.12,2.74,4.34,0.3,3237
Yonny Chirinos,Rays,5,7,4.33,17,19,101.0,109,48,15,73,18,1.27,6.52,1.64,4.35,1.1,16401
Tyler Chatwood,Cubs,7,9,4.27,19,22,105.0,97,50,10,88,55,1.45,7.54,4.75,4.35,1.3,4338
Marcus Walden,Red Sox,3,4,4.52,7,21,59.0,63,29,6,42,23,1.47,6.40,3.52,4.35,0.5,8004
Jonny Venters,Rays,0,0,4.85,0,16,13.0,13,7,1,12,8,1.58,7.97,5.46,4.35,0.0,7175
Danny Duffy,Royals,6,9,4.38,20,20,114.0,114,56,17,103,36,1.31,8.13,2.88,4.36,1.4,3542
Emilio Pagan,Athletics,2,3,4.65,0,37,49.0,49,25,8,48,17,1.34,8.78,3.07,4.37,0.2,14771
Chris Rusin,Rockies,2,2,4.37,0,39,52.0,55,25,7,43,16,1.37,7.43,2.82,4.37,0.2,9895
Jacob Rhame,Mets,1,2,4.57,0,37,42.0,41,21,7,45,14,1.33,9.76,3.13,4.37,0.2,15267
Evan Marshall,Indians,1,1,4.42,1,24,28.0,30,14,3,22,12,1.50,7.17,3.77,4.37,0.1,12297
Zac Reininger,Tigers,1,2,4.52,0,32,40.0,42,20,4,28,16,1.45,6.38,3.61,4.38,0.2,15285
Kyle Crick,Pirates,1,1,4.33,0,40,39.0,35,19,3,41,27,1.59,9.54,6.21,4.38,0.1,13182
Brett Anderson,Athletics,3,6,4.83,13,13,63.0,76,34,7,39,21,1.54,5.49,3.05,4.38,0.9,8223
Dovydas Neverauskas,Pirates,1,2,4.53,0,40,45.0,47,23,4,36,21,1.51,7.19,4.18,4.38,0.1,11604
Dylan Bundy,Orioles,7,9,4.40,20,20,116.0,111,57,19,114,36,1.27,8.84,2.80,4.38,1.8,12917
Nick Goody,Indians,1,1,4.32,0,38,39.0,35,19,8,52,15,1.27,12.04,3.42,4.38,0.1,13685
Wandy Peralta,Reds,2,3,4.44,0,51,48.0,48,24,4,39,26,1.52,7.23,4.83,4.38,0.1,14295
Anibal Sanchez,Braves,3,6,4.72,13,18,79.0,82,41,13,75,24,1.35,8.61,2.79,4.39,0.8,3284
Luke Bard,Twins,2,2,4.29,0,27,42.0,40,20,5,42,19,1.41,9.19,4.14,4.39,0.2,14288
Antonio Senzatela,Rockies,5,6,4.52,13,28,94.0,99,47,12,71,31,1.39,6.84,3.02,4.39,1.4,15488
Mike Foltynewicz,Braves,5,9,4.65,20,20,107.0,110,56,16,108,43,1.42,9.05,3.57,4.39,1.3,10811
Dylan Floro,Reds,2,2,4.44,1,31,49.0,55,24,7,34,11,1.34,6.18,1.98,4.40,0.2,13394
Tyson Ross,Padres,3,5,4.61,12,12,62.0,62,32,5,53,34,1.55,7.69,4.93,4.40,0.6,7872
Matt Boyd,Tigers,6,8,4.63,21,21,114.0,121,59,16,96,37,1.38,7.59,2.89,4.40,1.6,15440
Joey Lucchesi,Padres,4,7,4.47,16,17,86.0,87,43,14,82,28,1.34,8.61,2.93,4.40,0.9,19320
Brent Suter,Brewers,4,6,4.48,16,23,88.0,95,44,13,70,24,1.35,7.14,2.43,4.41,1.3,13942
Daniel Norris,Tigers,5,7,4.66,17,19,85.0,89,44,11,77,38,1.50,8.16,4.02,4.42,1.0,13475
Trevor Williams,Pirates,5,7,4.58,18,21,102.0,112,52,13,76,35,1.43,6.69,3.06,4.42,1.1,16977
Artie Lewicki,Tigers,4,6,4.68,13,16,77.0,87,40,9,53,23,1.43,6.24,2.73,4.42,1.0,16731
CC Sabathia,Yankees,5,6,4.36,18,18,96.0,100,47,14,79,30,1.35,7.37,2.79,4.43,1.5,404
Robbie Erlin,Padres,2,4,4.67,9,15,55.0,60,28,8,42,14,1.36,6.83,2.33,4.43,0.5,10354
Robert Gsellman,Mets,5,7,4.49,17,27,100.0,108,50,12,76,34,1.42,6.83,3.05,4.43,1.0,13696
Wilmer Font,Athletics,4,6,4.74,13,20,80.0,84,42,15,86,24,1.35,9.60,2.73,4.43,0.9,5257
Ty Blach,Giants,6,9,4.61,19,23,113.0,128,58,12,59,32,1.42,4.75,2.54,4.43,0.8,14361
Daniel Stumpf,Tigers,2,2,4.57,0,51,40.0,41,20,5,35,17,1.45,7.95,3.81,4.45,0.1,13780
Caleb Smith,Marlins,4,6,4.51,15,20,79.0,74,40,10,82,40,1.44,9.30,4.58,4.45,0.9,14875
Ryan Yarbrough,Rays,5,8,4.46,16,20,97.0,101,48,14,81,28,1.33,7.47,2.62,4.46,1.2,16502
German Marquez,Rockies,6,8,4.56,22,22,118.0,126,60,18,104,35,1.36,7.90,2.65,4.46,1.7,15038
Steven Brault,Pirates,5,7,4.52,16,23,96.0,100,48,11,79,42,1.48,7.44,3.96,4.46,0.9,15291
Bryan Mitchell,Padres,2,4,4.80,11,22,68.0,73,36,7,52,32,1.54,6.86,4.27,4.46,0.5,11479
Hoby Milner,Phillies,1,1,4.58,0,37,38.0,39,19,5,34,13,1.40,8.00,3.17,4.47,0.1,13346
Jeremy Hellickson,Nationals,4,6,4.80,18,18,95.0,107,51,14,66,24,1.37,6.29,2.23,4.47,1.1,4371
Mike Montgomery,Cubs,4,5,4.18,9,31,80.0,76,37,9,64,35,1.38,7.20,3.88,4.48,0.6,4869
Junichi Tazawa,,2,3,4.77,0,43,42.0,44,22,7,40,16,1.40,8.42,3.30,4.48,0.1,4079
Alex Cobb,Orioles,6,8,4.39,18,18,109.0,118,53,15,74,27,1.33,6.11,2.25,4.48,1.4,6562
Joe Biagini,Blue Jays,4,7,4.79,14,26,80.0,86,43,10,62,30,1.44,6.99,3.32,4.48,0.8,13194
Andrew Suarez,Giants,5,7,4.57,15,17,94.0,104,48,15,77,25,1.36,7.32,2.36,4.49,0.7,18300
Josh Ravin,Braves,1,2,4.57,0,25,29.0,25,14,5,38,16,1.42,11.93,4.95,4.49,0.0,2951
Tim Hill,Royals,1,2,4.44,0,31,46.0,47,22,5,37,20,1.48,7.38,4.01,4.50,0.1,16814
Louis Coleman,Tigers,2,2,4.53,0,30,34.0,33,17,4,34,19,1.51,8.88,4.94,4.50,0.0,9720
Akeel Morris,Angels,1,1,4.55,0,29,38.0,34,19,4,43,24,1.54,10.16,5.81,4.50,0.0,12185
Seth Lugo,Mets,3,6,4.74,13,23,85.0,91,45,14,73,23,1.34,7.68,2.46,4.51,0.8,12447
Trevor Richards,Marlins,5,8,4.48,16,17,84.0,85,42,11,71,34,1.42,7.67,3.61,4.51,0.8,19309
Silvino Bracho,Diamondbacks,1,2,4.55,0,37,37.0,33,18,7,47,15,1.32,11.65,3.60,4.52,0.0,15051
Miguel Castro,Orioles,3,4,4.57,0,35,61.0,65,31,6,39,24,1.45,5.66,3.56,4.52,0.3,15684
Adam Morgan,Phillies,2,3,4.60,0,42,47.0,47,24,8,49,17,1.36,9.29,3.29,4.53,0.1,12580
Domingo German,Yankees,4,5,4.62,12,19,79.0,78,40,13,78,29,1.37,8.98,3.36,4.53,1.0,17149
Tony Cingrani,Dodgers,1,1,4.21,0,40,35.0,33,16,5,36,16,1.42,9.33,4.22,4.53,-0.1,12555
Jake Barrett,Diamondbacks,1,1,4.66,0,34,32.0,32,17,4,31,16,1.49,8.63,4.58,4.53,0.0,13322
Taijuan Walker,Diamondbacks,5,6,4.43,18,18,97.0,97,48,15,88,33,1.34,8.19,3.03,4.53,1.0,11836
Rob Zastryzny,Cubs,3,3,4.47,9,16,58.0,61,29,7,48,24,1.46,7.54,3.67,4.53,0.5,15094
John Gant,Cardinals,3,5,4.57,13,18,75.0,78,38,11,69,28,1.41,8.18,3.35,4.54,0.7,13684
Victor Arano,Phillies,1,2,4.66,0,32,40.0,40,21,7,42,13,1.35,9.57,3.02,4.54,0.2,15915
Ryan Weber,Rays,2,3,4.63,5,18,49.0,56,25,7,29,8,1.31,5.29,1.51,4.54,0.2,10160
Zach Eflin,Phillies,3,5,4.69,15,15,80.0,87,41,12,57,20,1.35,6.48,2.27,4.55,1.0,13774
Jordan Zimmermann,Tigers,4,7,4.83,18,18,96.0,110,52,15,71,24,1.38,6.58,2.22,4.55,1.3,4505
Martin Perez,Rangers,6,9,4.74,19,19,106.0,120,56,12,64,36,1.47,5.41,3.09,4.55,1.1,6902
Chris Hatcher,Athletics,1,3,4.81,0,36,40.0,42,21,6,38,16,1.44,8.58,3.54,4.55,0.0,3299
Pierce Johnson,Giants,2,3,4.55,4,28,46.0,44,23,6,49,27,1.55,9.61,5.37,4.56,0.1,13435
Austin Pruitt,Rays,4,7,4.73,11,22,81.0,91,43,13,63,19,1.36,6.99,2.08,4.56,0.5,15290
Yimi Garcia,Dodgers,1,2,4.51,0,25,26.0,27,13,5,26,6,1.26,8.91,2.16,4.58,0.0,12095
Justin Grimm,Royals,1,2,4.61,0,41,39.0,37,20,6,43,21,1.47,9.92,4.91,4.58,0.0,11720
Sal Romano,Reds,5,8,4.74,20,20,103.0,112,54,14,81,39,1.47,7.13,3.40,4.58,1.3,13690
Chih-Wei Hu,Rays,2,4,4.50,7,20,58.0,62,29,9,45,16,1.35,6.93,2.49,4.58,0.5,16419
Tyler Anderson,Rockies,4,5,4.57,15,16,81.0,85,41,13,72,29,1.40,8.07,3.21,4.59,1.0,12880
Brad Boxberger,Diamondbacks,3,4,4.42,0,35,32.0,27,16,6,45,17,1.40,12.55,4.90,4.59,0.1,10133
Marco Estrada,Blue Jays,5,7,4.62,20,20,117.0,112,60,19,100,39,1.30,7.69,3.02,4.59,1.5,1118
Chris Stratton,Giants,5,8,4.75,18,19,95.0,102,50,12,76,41,1.51,7.19,3.91,4.59,0.6,13761
Christian Bergman,Mariners,4,7,4.88,12,16,74.0,86,40,11,48,17,1.39,5.88,2.02,4.60,0.6,10925
Zack Wheeler,Mets,4,6,4.82,13,13,78.0,78,42,12,76,33,1.41,8.67,3.77,4.60,0.8,10310
Aaron Bummer,White Sox,2,4,4.70,0,43,45.0,43,24,5,42,26,1.52,8.29,5.11,4.61,0.0,16258
Wade Miley,Brewers,4,8,5.04,17,17,89.0,95,50,13,82,40,1.52,8.29,4.08,4.61,1.1,8779
Casey Lawrence,Mariners,3,6,4.95,10,21,78.0,91,43,11,53,22,1.46,6.09,2.59,4.62,0.8,11121
Lance Lynn,Twins,7,8,4.30,23,23,121.0,122,58,16,107,56,1.48,7.97,4.19,4.62,1.2,2520
Felix Hernandez,Mariners,5,8,4.52,17,17,97.0,95,49,14,86,36,1.36,8.03,3.37,4.63,0.9,4772
Dillon Peters,Marlins,4,6,4.72,14,14,68.0,74,36,8,49,27,1.49,6.51,3.54,4.63,0.6,18790
Jeff Beliveau,Indians,1,2,4.71,1,29,35.0,32,18,5,39,21,1.53,10.23,5.46,4.64,0.0,8504
Odrisamer Despaigne,Marlins,3,5,4.77,10,23,71.0,74,38,8,48,29,1.45,6.16,3.64,4.65,0.3,16017
Danny Farquhar,White Sox,2,3,4.63,0,42,42.0,41,21,7,42,17,1.39,9.17,3.69,4.66,0.0,8501
Jose Urena,Marlins,6,8,4.42,19,23,108.0,113,53,14,79,36,1.37,6.55,3.02,4.66,0.8,11589
Drew VerHagen,Tigers,3,6,4.95,11,27,72.0,80,40,8,47,29,1.51,5.87,3.60,4.66,0.6,13424
Ryne Stanek,Rays,1,1,4.54,0,36,38.0,35,19,6,45,20,1.45,10.69,4.76,4.66,-0.1,15947
Lucas Giolito,White Sox,6,9,4.53,22,22,117.0,116,59,15,104,54,1.45,8.00,4.14,4.66,1.5,15474
Kyle Freeland,Rockies,7,9,4.63,21,24,116.0,128,60,16,87,43,1.47,6.70,3.32,4.66,1.5,16256
Chad Bettis,Rockies,4,6,5.05,15,17,86.0,98,48,12,62,31,1.50,6.46,3.21,4.67,1.0,10587
Jason Hammel,Royals,5,8,4.74,20,20,110.0,121,58,18,83,30,1.37,6.76,2.47,4.68,0.8,4538
Felix Pena,Angels,1,2,4.66,0,30,43.0,42,22,8,47,16,1.36,9.70,3.42,4.68,-0.1,13403
P.J. Conlon,Mets,4,6,4.79,15,17,80.0,88,43,10,55,29,1.46,6.20,3.21,4.68,0.8,18213
Julio Teheran,Braves,6,9,4.53,23,23,130.0,129,65,21,112,47,1.35,7.79,3.23,4.68,1.3,6797
Brad Keller,Royals,4,7,4.90,15,22,79.0,90,43,9,50,30,1.51,5.69,3.38,4.69,0.5,15734
Tyler Beede,Giants,3,5,4.74,12,12,63.0,70,33,8,46,27,1.53,6.55,3.86,4.69,0.4,16981
Eduardo Paredes,Angels,1,1,4.54,0,35,45.0,47,23,7,41,18,1.42,8.02,3.47,4.69,-0.1,16344
Kendall Graveman,Athletics,4,7,4.86,16,16,90.0,101,49,13,60,28,1.42,5.94,2.78,4.69,0.7,15514
Carlos Torres,Nationals,2,3,4.63,0,41,44.0,46,23,7,39,19,1.47,7.93,3.81,4.70,-0.1,7624
Jhoulys Chacin,Brewers,4,8,4.82,19,20,104.0,107,56,14,85,45,1.47,7.35,3.91,4.70,1.1,2608
Wei-Yin Chen,Marlins,3,5,4.57,14,14,75.0,80,38,13,60,20,1.33,7.15,2.36,4.70,0.6,13071
Erasmo Ramirez,Mariners,3,4,4.60,9,28,71.0,73,36,12,53,18,1.28,6.75,2.24,4.72,0.3,10314
Jake Odorizzi,Twins,6,8,4.55,22,22,115.0,113,58,20,107,42,1.36,8.36,3.32,4.72,1.4,6397
Adam Conley,Marlins,4,7,4.72,16,18,84.0,89,44,10,63,38,1.50,6.76,4.02,4.72,0.8,14457
Shane Carle,Braves,3,6,5.05,8,28,70.0,80,39,11,51,20,1.43,6.59,2.54,4.73,0.3,15258
Reynaldo Lopez,White Sox,5,9,4.86,21,22,117.0,120,63,18,108,49,1.45,8.37,3.79,4.73,1.4,16400
Jaime Garcia,Blue Jays,4,7,4.80,18,18,99.0,105,53,16,84,36,1.43,7.61,3.27,4.73,0.9,8137
Kevin McCarthy,Royals,2,3,4.63,0,39,49.0,56,25,6,30,16,1.47,5.46,2.99,4.73,-0.2,15240
Alexi Ogando,Indians,1,2,4.58,0,26,27.0,28,14,3,21,15,1.57,7.04,4.76,4.73,-0.1,10261
Alan Busenitz,Twins,2,2,4.66,1,32,43.0,46,22,7,36,16,1.42,7.46,3.27,4.74,0.1,15239
Roberto Gomez,Giants,3,5,4.87,8,22,59.0,65,32,7,42,25,1.54,6.36,3.87,4.74,0.2,12963
Hansel Robles,Mets,3,5,4.73,0,44,52.0,48,27,9,57,24,1.41,9.88,4.21,4.75,-0.1,11801
Matt Harvey,Reds,3,5,5.03,15,17,81.0,85,45,13,63,24,1.36,7.00,2.73,4.76,0.7,11713
Mike Dunn,Rockies,2,2,4.83,0,42,31.0,30,17,4,32,18,1.55,9.42,5.11,4.76,0.0,9948
Clay Buchholz,Diamondbacks,3,5,5.28,12,15,70.0,76,41,11,54,23,1.42,6.91,2.98,4.78,0.5,3543
Francisco Liriano,Tigers,3,6,5.06,16,22,88.0,89,50,12,80,46,1.54,8.21,4.74,4.78,0.7,3201
Chad Kuhl,Pirates,5,8,4.81,21,21,108.0,115,58,18,94,40,1.43,7.80,3.36,4.79,0.7,14975
Luke Sims,Braves,3,5,4.89,12,14,67.0,66,37,12,77,32,1.44,10.22,4.24,4.79,0.6,13470
Jesse Chavez,Rangers,3,6,5.07,11,23,82.0,91,46,15,71,25,1.42,7.85,2.79,4.79,0.6,5448
Jesse Biddle,Braves,1,2,5.00,0,26,34.0,35,19,5,31,18,1.57,8.36,4.84,4.80,-0.1,11437
Hector Velazquez,Red Sox,3,4,4.72,13,17,76.0,85,40,11,55,27,1.49,6.47,3.24,4.80,0.7,19341
Chad Bell,Tigers,2,4,5.05,8,19,59.0,65,33,8,48,27,1.54,7.32,4.05,4.80,0.3,10297
Jaime Barria,Angels,4,7,4.80,17,17,85.0,96,45,13,55,22,1.40,5.84,2.38,4.80,0.7,18356
Daniel Gossett,Athletics,4,8,5.07,18,18,90.0,101,51,13,69,34,1.50,6.91,3.34,4.81,0.6,16164
Merandy Gonzalez,Marlins,4,7,4.75,14,17,74.0,76,39,9,64,42,1.60,7.83,5.13,4.81,0.4,17313
Brock Stewart,Dodgers,2,3,4.74,10,16,55.0,55,29,10,55,19,1.36,9.04,3.11,4.81,0.4,16727
Corey Oswalt,Mets,4,6,4.86,14,15,72.0,78,39,11,57,26,1.45,7.13,3.22,4.81,0.7,13677
Doug Fister,Rangers,4,7,4.71,15,16,83.0,92,43,12,60,28,1.45,6.51,3.03,4.81,0.7,9425
Nick Tropeano,Angels,3,5,4.78,12,13,63.0,66,34,10,56,25,1.44,7.90,3.57,4.82,0.4,12385
Nestor Cortes,Yankees,3,4,4.93,8,18,59.0,61,32,10,52,22,1.42,7.92,3.41,4.82,0.6,17874
Chris O'Grady,Marlins,2,4,4.85,7,21,49.0,52,27,8,42,19,1.44,7.59,3.42,4.84,0.1,13818
Jason Vargas,Mets,6,10,4.87,17,17,94.0,99,51,17,79,29,1.36,7.56,2.81,4.85,0.7,8044
Chase Whitley,Braves,1,2,4.94,4,22,39.0,42,21,7,32,12,1.39,7.53,2.71,4.86,0.2,10982
Austin Adams,Nationals,1,2,4.78,0,28,34.0,27,18,3,43,33,1.79,11.61,8.81,4.86,-0.2,13801
Matt Wisler,Braves,3,7,5.13,14,22,92.0,102,52,15,66,27,1.41,6.49,2.66,4.86,0.5,12804
Tim Mayza,Blue Jays,1,3,5.11,0,33,40.0,41,23,6,41,21,1.54,9.17,4.77,4.86,-0.1,15042
Ian Kennedy,Royals,5,8,4.73,20,20,109.0,110,57,20,97,38,1.36,8.02,3.12,4.86,0.9,6986
Jose Ramirez,Braves,2,3,4.71,0,41,39.0,36,20,5,40,24,1.56,9.24,5.62,4.87,-0.1,10171
Erik Goeddel,Dodgers,2,3,4.67,0,36,38.0,38,20,6,36,17,1.46,8.71,4.07,4.87,-0.1,11712
Fernando Romero,Twins,3,4,4.90,15,15,92.0,99,50,13,69,35,1.45,6.72,3.42,4.87,0.7,15885
Mike Wright,Orioles,3,5,5.01,12,21,79.0,85,44,12,59,27,1.43,6.77,3.10,4.88,0.7,12586
Mike Fiers,Tigers,5,9,4.94,19,20,104.0,113,57,18,83,31,1.38,7.19,2.65,4.88,1.0,7754
Chase Anderson,Brewers,5,8,4.75,19,19,97.0,102,51,17,83,33,1.39,7.65,3.09,4.88,1.0,6895
Tyler Mahle,Reds,6,10,4.75,20,20,109.0,117,58,21,99,34,1.38,8.15,2.77,4.89,0.8,16358
Jakob Junis,Royals,5,10,4.99,20,21,113.0,124,62,22,97,27,1.34,7.77,2.14,4.89,0.7,13619
Ariel Jurado,Rangers,4,7,5.11,15,15,81.0,98,46,11,44,25,1.52,4.84,2.81,4.91,0.8,17030
Eric Skoglund,Royals,3,6,5.04,17,18,89.0,100,50,15,68,28,1.43,6.84,2.83,4.92,0.4,16155
Brian Johnson,Red Sox,3,4,4.92,13,18,70.0,77,38,10,54,29,1.51,6.95,3.70,4.92,0.3,14272
Junior Guerra,Brewers,3,5,4.70,14,17,74.0,70,39,12,71,37,1.43,8.52,4.44,4.93,0.7,5702
Eric Lauer,Padres,3,6,5.01,14,14,71.0,76,40,12,62,29,1.48,7.90,3.69,4.94,0.3,19316
Matt Moore,Rangers,5,9,5.02,19,20,106.0,117,59,16,86,45,1.53,7.30,3.83,4.94,0.9,1890
Ben Lively,Phillies,4,9,5.05,20,20,108.0,116,60,18,84,34,1.39,6.98,2.88,4.94,1.1,14932
Chris Volstad,White Sox,3,7,5.18,13,23,92.0,108,53,13,47,26,1.46,4.65,2.53,4.95,0.5,9901
Justin Hancock,Cubs,2,3,4.88,0,31,35.0,35,19,4,30,22,1.63,7.82,5.55,4.95,-0.2,12316
JC Ramirez,Angels,4,7,4.94,15,15,83.0,91,46,13,60,30,1.45,6.46,3.24,4.96,0.4,8302
Ariel Miranda,Mariners,3,6,4.88,16,17,85.0,85,46,15,72,33,1.39,7.65,3.45,4.99,0.3,17526
Jackson Stephens,Reds,4,7,4.99,16,20,92.0,100,51,15,72,35,1.47,7.05,3.41,4.99,0.6,14420
Derek Holland,Giants,4,9,5.06,17,18,87.0,93,49,13,68,39,1.51,7.04,3.99,5.00,0.4,4141
Sam Gaviglio,Blue Jays,4,6,5.06,14,17,82.0,93,46,14,57,22,1.40,6.28,2.37,5.00,0.5,12778
Steven Wright,Red Sox,3,5,4.70,9,11,62.0,67,33,10,47,21,1.42,6.70,3.09,5.00,0.2,8185
Jimmy Yacabonis,Orioles,1,2,5.17,0,32,41.0,42,24,4,30,28,1.70,6.64,6.12,5.00,0.0,15157
Josh Osich,Giants,1,2,5.17,0,41,35.0,36,20,5,31,19,1.57,8.02,4.89,5.01,-0.3,11528
Bartolo Colon,Rangers,4,8,5.34,18,19,98.0,123,58,19,63,18,1.44,5.80,1.61,5.01,0.7,375
Yacksel Rios,Phillies,2,4,5.00,2,34,50.0,50,28,9,50,23,1.47,8.96,4.22,5.02,0.0,15007
Jorge De La Rosa,Diamondbacks,3,5,5.00,9,30,64.0,65,36,10,58,31,1.49,8.05,4.33,5.03,0.2,2047
Scott Barlow,Royals,3,5,5.03,14,16,71.0,75,40,11,63,37,1.56,7.95,4.65,5.03,0.2,14993
Clay Holmes,Pirates,3,6,5.10,14,15,64.0,69,37,7,48,38,1.66,6.75,5.34,5.04,0.2,13649
Neil Ramirez,Indians,1,2,5.15,0,27,29.0,28,17,6,35,16,1.51,10.83,4.84,5.04,-0.1,7677
Amir Garrett,Reds,3,6,4.96,15,25,85.0,90,47,15,76,35,1.48,8.04,3.75,5.04,0.3,14375
Tayron Guerrero,Marlins,2,3,4.88,0,33,34.0,31,18,5,42,25,1.66,11.25,6.72,5.05,-0.3,11691
Pat Venditte,Dodgers,2,4,4.94,0,29,37.0,36,20,6,36,19,1.48,8.70,4.53,5.07,-0.2,7108
Zack Weiss,Reds,2,3,4.94,0,24,27.0,28,15,5,30,12,1.44,9.68,3.88,5.08,-0.1,15444
Hunter Wood,Rays,2,5,5.14,10,18,66.0,71,38,10,53,30,1.52,7.19,4.08,5.10,0.1,15091
James Shields,White Sox,4,8,5.02,19,19,105.0,111,58,18,85,44,1.48,7.28,3.77,5.10,0.7,7059
Brooks Pounders,Rockies,2,3,5.11,3,27,42.0,45,24,8,41,18,1.50,8.83,3.87,5.12,0.1,10387
Mike Mayers,Cardinals,3,6,5.21,11,21,73.0,83,42,13,55,26,1.50,6.83,3.22,5.12,0.3,15451
Luis Cessa,Yankees,3,6,5.21,12,16,71.0,77,41,13,58,24,1.42,7.37,3.11,5.13,0.4,13345
Randy Rosario,Cubs,1,2,5.08,3,21,44.0,49,25,5,30,23,1.62,6.14,4.69,5.13,-0.1,14508
David Hale,Yankees,2,4,5.52,10,14,57.0,70,35,10,36,17,1.53,5.59,2.72,5.14,0.3,9756
Eddie Butler,Cubs,3,5,5.15,13,17,74.0,84,42,10,44,31,1.56,5.38,3.77,5.14,0.2,13453
Jacob Turner,Marlins,3,6,5.40,9,20,64.0,73,39,9,42,29,1.57,5.95,3.99,5.14,0.2,10185
Zac Curtis,Phillies,1,2,5.25,0,31,35.0,34,20,6,38,19,1.54,9.72,4.98,5.16,-0.1,16684
Miguel Gonzalez,White Sox,4,8,5.11,16,16,87.0,101,50,15,56,29,1.49,5.74,2.96,5.16,0.4,7024
Warwick Saupold,Tigers,2,4,5.38,6,31,63.0,71,38,8,42,31,1.62,5.96,4.43,5.16,0.1,13211
Buck Farmer,Tigers,3,8,5.54,16,27,93.0,104,57,17,78,35,1.50,7.63,3.43,5.19,0.3,14814
Brandon Finnegan,Reds,4,6,4.94,16,16,80.0,77,44,15,74,37,1.43,8.30,4.17,5.19,0.3,16208
Gerson Bautista,Mets,1,3,5.35,0,24,36.0,35,21,4,35,26,1.71,8.68,6.60,5.19,-0.3,19256
Adrian Houser,Brewers,1,3,5.20,9,12,43.0,44,25,9,45,19,1.49,9.55,4.03,5.19,0.1,12718
Taylor Williams,Brewers,1,3,5.36,9,22,44.0,45,26,9,49,22,1.50,9.95,4.46,5.19,0.2,14899
Jen-Ho Tseng,Cubs,4,7,5.21,15,16,81.0,93,47,15,60,26,1.47,6.69,2.90,5.20,0.2,15524
Dan Straily,Marlins,4,8,4.91,19,19,104.0,105,57,20,94,43,1.42,8.15,3.75,5.20,0.1,9460
Kevin Quackenbush,Reds,2,4,5.44,0,35,38.0,42,23,6,27,17,1.55,6.33,4.03,5.21,-0.2,12360
Tanner Rainey,Reds,1,2,5.21,0,33,33.0,30,19,5,37,24,1.64,10.04,6.43,5.22,-0.2,17610
Freddy Peralta,Brewers,2,5,5.29,11,15,62.0,57,37,11,79,45,1.64,11.36,6.49,5.22,0.3,18679
Yovani Gallardo,Rangers,3,6,5.11,13,16,72.0,76,41,12,55,35,1.54,6.83,4.41,5.23,0.2,8173
Josh Tomlin,Indians,4,8,5.37,16,17,90.0,104,54,21,66,12,1.29,6.58,1.17,5.23,0.4,9388
J.J. Hoover,,1,3,5.45,0,35,32.0,31,19,6,37,19,1.56,10.42,5.29,5.24,-0.1,9037
Matt Strahm,Padres,2,5,5.40,7,22,50.0,52,30,11,54,22,1.47,9.77,3.91,5.24,0.0,13799
Carlos Ramirez,Athletics,1,2,5.20,0,21,26.0,25,15,4,26,16,1.58,9.16,5.61,5.24,-0.2,11743
Andrew Cashner,Orioles,5,9,5.17,19,19,106.0,116,61,18,73,43,1.50,6.27,3.63,5.25,0.6,8782
Jake Thompson,Phillies,4,10,5.24,18,21,100.0,110,58,17,75,43,1.52,6.71,3.82,5.30,0.3,14371
Zach Neal,Reds,3,6,5.35,11,16,70.0,84,42,14,33,9,1.33,4.28,1.20,5.31,0.0,11294
Johnny Barbato,Tigers,1,2,5.39,1,30,39.0,42,23,7,34,19,1.57,8.00,4.32,5.31,-0.2,11440
Phil Hughes,Twins,2,4,5.62,8,14,51.0,64,32,11,33,11,1.45,5.81,1.91,5.36,0.0,7450
Matt Koch,Diamondbacks,2,5,5.49,12,15,67.0,82,41,12,38,18,1.49,5.16,2.48,5.36,0.1,13420
Homer Bailey,Reds,3,9,5.80,16,16,84.0,105,54,14,50,32,1.62,5.32,3.36,5.37,0.3,8362
Max Fried,Braves,3,7,5.45,14,18,67.0,71,40,10,57,41,1.68,7.68,5.53,5.37,0.0,13743
Elieser Hernandez,Marlins,2,5,5.31,10,13,51.0,56,30,10,43,21,1.51,7.60,3.70,5.38,0.0,16933
Tyler Kinley,Marlins,1,2,5.53,0,31,33.0,36,20,6,31,18,1.63,8.50,4.99,5.38,-0.3,18297
Chris Beck,White Sox,1,2,5.39,0,41,49.0,55,30,7,34,24,1.61,6.20,4.44,5.38,-0.3,13418
Yohander Mendez,Rangers,3,6,5.50,13,17,70.0,78,43,13,55,29,1.52,7.10,3.73,5.43,0.3,14391
Cody Reed,Reds,3,6,5.43,13,19,72.0,78,43,12,62,39,1.64,7.80,4.86,5.45,0.2,15232
Chris Tillman,Orioles,3,8,5.62,18,19,88.0,98,55,15,62,39,1.55,6.29,3.96,5.46,0.2,5279
Ben Taylor,Indians,0,1,5.12,0,20,22.0,24,12,4,18,11,1.61,7.31,4.37,5.48,-0.2,18114
Adam Plutko,Indians,3,8,5.58,14,15,80.0,96,50,16,60,28,1.53,6.74,3.09,5.48,0.2,15846
Jorge Lopez,Brewers,2,6,5.71,10,21,65.0,70,41,12,59,34,1.61,8.12,4.73,5.50,0.0,14527
Burch Smith,Royals,2,4,5.52,9,15,46.0,50,28,8,40,24,1.62,7.78,4.78,5.51,-0.1,12784
Jarlin Garcia,Marlins,1,2,5.58,3,44,49.0,54,30,10,38,20,1.52,7.02,3.77,5.51,-0.5,18282
Seranthony Dominguez,Phillies,1,4,5.64,9,13,39.0,40,25,7,41,26,1.69,9.35,6.06,5.51,0.0,19249
Matt Magill,Twins,2,5,5.56,9,19,56.0,63,35,10,45,29,1.63,7.21,4.70,5.52,0.1,3950
Alec Asher,Brewers,2,6,5.79,11,17,65.0,77,42,14,46,18,1.46,6.45,2.48,5.53,0.2,13560
Parker Bridwell,Angels,3,6,5.60,14,17,76.0,85,47,15,55,29,1.50,6.51,3.39,5.60,-0.2,11502
A.J. Cole,Yankees,4,7,5.33,16,19,90.0,95,53,20,77,36,1.46,7.72,3.56,5.61,0.1,11467
Kris Medlen,Diamondbacks,2,5,5.73,10,11,58.0,70,37,12,43,21,1.55,6.58,3.24,5.63,0.1,9417
Kevin Jepsen,Rangers,1,2,5.51,0,34,30.0,32,18,6,24,15,1.59,7.43,4.69,5.65,-0.3,6475
Carson Fulmer,White Sox,4,11,5.74,20,22,94.0,102,60,14,74,58,1.70,7.09,5.55,5.65,0.1,18311
Ryan Carpenter,Tigers,3,8,5.90,14,16,80.0,95,53,19,66,24,1.48,7.36,2.71,5.67,0.0,12699
Deck McGuire,Blue Jays,3,7,5.82,15,18,82.0,97,53,16,57,32,1.58,6.26,3.55,5.70,0.0,11596
Tyler Cloyd,Marlins,2,4,5.75,11,14,61.0,71,39,13,40,19,1.48,5.95,2.78,5.71,-0.2,8536
Dylan Covey,White Sox,2,5,6.00,11,14,56.0,66,37,10,33,27,1.67,5.28,4.40,5.83,-0.2,14825
Tim Collins,Nationals,1,2,5.58,0,16,16.0,16,10,3,17,12,1.76,9.25,6.83,5.83,-0.2,3164
Hector Santiago,White Sox,3,8,5.53,16,21,88.0,91,54,18,75,46,1.55,7.62,4.67,5.85,0.0,4026
David Hess,Orioles,3,8,6.10,15,16,81.0,97,55,18,53,31,1.58,5.94,3.49,5.97,0.0,16130
Brandon Mann,Rangers,1,4,6.25,2,21,37.0,42,26,7,32,22,1.71,7.62,5.39,5.98,-0.4,5172
Luke Farrell,Cubs,2,6,6.25,12,20,69.0,81,48,15,50,35,1.68,6.48,4.51,6.16,-0.6,15101
Troy Scribner,Diamondbacks,2,8,6.53,13,16,64.0,72,46,15,59,38,1.73,8.26,5.36,6.35,-0.6,15570
Luis Santos,Blue Jays,2,7,6.68,12,20,66.0,80,49,18,55,27,1.61,7.50,3.67,6.43,-0.7,15006
Harrison Musgrave,Rockies,3,8,6.74,13,15,74.0,94,56,20,52,28,1.65,6.24,3.42,6.48,-0.5,16532
