Mike Trout,Angels,107,470,377,110,21,4,29,83,72,84,96,7,18,4,.291,.426,.597,1.023,.422,-0.2,1.8,6.0,10155
Giancarlo Stanton,Yankees,105,443,384,104,21,2,38,74,95,51,127,5,2,1,.271,.361,.629,.991,.403,6.7,-0.4,4.3,4949
J.D. Martinez,Red Sox,97,403,362,108,23,2,29,60,76,36,107,2,2,1,.299,.364,.613,.977,.401,-1.2,-0.2,3.0,6184
Bryce Harper,Nationals,99,423,345,97,17,1,25,68,69,73,84,2,7,3,.282,.406,.553,.959,.396,-0.4,-0.2,3.2,11579
Joey Votto,Reds,103,445,359,107,20,1,17,60,61,79,70,5,4,1,.299,.430,.501,.931,.395,2.5,0.1,3.4,4314
Freddie Freeman,Braves,98,426,358,107,25,2,20,64,63,59,87,6,6,3,.298,.402,.546,.948,.395,1.0,-0.2,3.1,5361
Nolan Arenado,Rockies,108,462,415,125,28,4,27,68,84,42,75,2,3,2,.301,.366,.580,.947,.390,7.4,-0.9,3.8,9777
Kris Bryant,Cubs,110,489,409,113,25,3,24,77,68,64,108,12,7,4,.277,.389,.532,.921,.388,1.9,-0.4,4.2,15429
Aaron Judge,Yankees,106,463,387,100,19,1,31,75,83,70,147,3,5,2,.259,.375,.554,.929,.387,3.2,-0.4,3.8,15640
Mookie Betts,Red Sox,110,501,447,137,34,3,20,84,73,48,58,2,21,4,.307,.375,.536,.910,.382,11.5,2.4,5.0,13611
Charlie Blackmon,Rockies,104,469,418,126,21,4,23,82,59,39,83,8,10,6,.302,.371,.540,.911,.382,-3.3,-1.1,2.4,7859
Carlos Correa,Astros,98,423,368,108,23,1,19,63,77,48,83,3,5,1,.293,.376,.517,.892,.376,0.2,0.1,4.0,14162
Josh Donaldson,Blue Jays,87,390,331,87,19,1,21,59,61,52,87,4,3,1,.263,.366,.515,.882,.372,3.8,0.3,3.1,5038
Anthony Rizzo,Cubs,107,473,398,105,22,2,23,66,80,56,70,16,7,3,.265,.375,.500,.875,.370,4.4,-0.5,2.7,3473
Paul Goldschmidt,Diamondbacks,106,457,384,104,23,2,20,71,69,67,110,4,11,3,.271,.383,.499,.882,.370,3.6,1.0,2.4,9218
Jose Ramirez,Indians,113,472,425,127,33,3,18,69,60,41,49,2,16,6,.298,.361,.514,.874,.368,6.1,1.2,4.1,13510
Brandon Belt,Giants,88,371,315,85,20,3,15,50,49,51,90,3,3,2,.269,.374,.493,.868,.368,5.1,-0.2,2.5,10264
Rhys Hoskins,Phillies,111,467,399,104,22,2,23,69,84,58,113,6,4,3,.260,.361,.501,.861,.365,1.5,-0.3,2.6,16472
Manny Machado,Orioles,111,490,444,128,25,1,26,65,77,41,80,2,6,3,.289,.350,.527,.877,.365,4.4,-0.3,4.3,11493
Jose Altuve,Astros,111,487,441,140,26,3,14,67,57,35,54,5,21,5,.318,.374,.483,.856,.364,-1.1,2.0,3.7,5417
Cody Bellinger,Dodgers,106,441,391,104,20,4,26,66,75,46,111,2,9,2,.267,.343,.536,.879,.363,2.3,1.1,2.6,15998
A.J. Pollock,Diamondbacks,90,370,337,98,24,5,14,57,47,27,60,3,17,4,.292,.347,.516,.863,.362,4.7,1.4,2.8,9256
George Springer,Astros,99,444,386,105,19,1,21,71,61,47,97,8,5,5,.272,.359,.492,.851,.362,-1.1,-1.1,2.7,12856
Justin Turner,Dodgers,82,312,274,80,18,1,11,38,45,27,42,8,4,1,.291,.370,.476,.847,.361,2.6,0.0,2.4,5235
Eric Thames,Brewers,80,330,282,68,15,2,20,47,49,42,99,4,5,2,.241,.346,.521,.867,.361,-1.9,-0.3,1.2,3711
Francisco Lindor,Indians,113,508,455,133,28,3,20,72,63,43,73,4,12,3,.293,.356,.498,.855,.361,8.0,0.6,4.6,12916
Nicholas Castellanos,Tigers,110,451,416,121,26,6,19,50,68,29,101,4,2,2,.290,.340,.516,.856,.359,-4.8,-0.6,1.8,11737
Jose Abreu,White Sox,113,488,445,128,27,2,22,59,75,29,89,11,2,1,.289,.346,.510,.856,.358,-2.5,-0.5,2.0,15676
Christian Yelich,Brewers,105,461,406,117,25,3,14,65,60,49,97,3,11,3,.289,.368,.468,.837,.357,-0.4,0.9,2.1,11477
Anthony Rendon,Nationals,93,391,339,93,22,1,14,53,54,46,62,4,5,2,.273,.365,.471,.835,.357,4.8,-0.1,2.8,12861
Edwin Encarnacion,Indians,99,421,363,92,16,1,23,54,70,53,90,4,1,0,.254,.353,.492,.845,.357,0.2,-0.2,1.5,2151
Tommy Pham,Cardinals,104,395,342,93,16,2,16,62,49,47,95,4,14,6,.271,.363,.469,.832,.356,-0.5,0.7,2.5,2967
Miguel Cabrera,Tigers,84,354,312,90,20,1,13,41,52,38,66,2,0,1,.289,.366,.480,.847,.356,0.5,-0.2,1.6,1744
Corey Seager,Dodgers,102,439,394,114,26,2,16,59,64,39,83,4,3,1,.290,.357,.484,.841,.356,1.9,-0.3,3.3,13624
Carlos Santana,Phillies,104,450,377,92,22,2,20,59,61,67,71,2,4,1,.245,.360,.478,.838,.356,0.7,0.1,1.8,2396
Michael Brantley,Indians,80,337,306,93,22,1,10,43,52,26,35,2,8,1,.305,.361,.477,.838,.356,-1.9,0.6,1.5,4106
Khris Davis,Athletics,105,429,383,96,20,1,27,57,77,38,118,6,2,1,.252,.326,.518,.844,.354,-3.9,-0.3,1.2,9112
Gary Sanchez,Yankees,91,393,354,91,19,0,24,57,73,32,92,5,2,1,.256,.324,.518,.842,.353,-3.7,0.0,2.3,11442
Matt Carpenter,Cardinals,97,416,344,87,24,2,13,58,48,63,90,5,1,2,.252,.373,.446,.819,.353,1.2,-0.8,2.3,8090
Michael Conforto,Mets,96,377,327,84,18,1,18,53,56,43,93,5,2,2,.257,.349,.488,.837,.352,2.6,-1.1,2.3,16376
Justin Bour,Marlins,87,325,282,74,11,0,16,36,53,41,66,1,1,0,.264,.356,.478,.834,.351,-2.6,-0.6,0.9,9744
Justin Smoak,Blue Jays,106,383,333,85,19,1,18,48,58,45,90,3,0,1,.256,.346,.481,.827,.351,0.6,-1.3,1.3,9054
Logan Morrison,Twins,101,389,339,86,17,1,19,48,55,45,83,4,2,1,.255,.347,.479,.827,.350,-0.8,0.0,1.2,9205
Adam Eaton,Nationals,80,357,317,94,18,5,6,53,34,29,54,6,8,4,.297,.366,.446,.812,.350,3.7,0.9,1.8,11205
Jake Lamb,Diamondbacks,88,358,311,79,18,4,16,48,58,42,96,3,3,2,.254,.346,.487,.832,.349,-2.3,-0.5,1.4,13329
Kyle Schwarber,Cubs,96,379,327,76,14,2,22,57,58,48,113,2,2,2,.234,.334,.496,.830,.348,-3.5,-0.5,1.0,16478
Andrew Benintendi,Red Sox,107,460,406,115,26,4,13,62,66,47,73,3,13,4,.282,.357,.460,.817,.347,3.2,0.9,2.5,17901
Eugenio Suarez,Reds,103,413,360,94,18,2,17,54,62,43,97,5,4,3,.260,.345,.468,.812,.346,1.2,-0.6,2.1,12552
Buster Posey,Giants,92,376,333,100,19,1,8,43,46,38,42,3,4,1,.299,.373,.438,.810,.346,4.1,-0.4,2.8,9166
Miguel Sano,Twins,86,367,320,77,15,1,21,51,60,43,132,2,1,0,.241,.332,.489,.820,.345,-2.8,0.0,1.6,12164
Ian Happ,Cubs,102,389,346,88,17,2,20,54,59,38,120,3,8,3,.255,.332,.491,.822,.344,1.2,0.3,1.8,17919
Nelson Cruz,Mariners,95,401,355,90,15,0,21,49,65,36,91,8,1,1,.255,.336,.478,.815,.344,-3.7,-0.4,0.8,2434
Wil Myers,Padres,92,386,343,88,18,2,18,52,54,39,103,2,13,3,.257,.335,.473,.808,.343,2.5,1.0,1.6,10047
David Dahl,Rockies,76,307,282,78,14,4,13,40,40,21,85,1,9,4,.275,.325,.489,.814,.343,2.5,-0.1,0.8,13744
Eric Hosmer,Padres,108,456,407,113,23,2,16,59,60,46,83,1,5,2,.277,.349,.456,.805,.343,-1.7,-0.2,1.3,3516
Domingo Santana,Brewers,101,397,346,89,17,1,16,50,52,46,122,3,6,3,.258,.347,.452,.799,.343,0.0,-0.2,1.2,10348
Ryan Braun,Brewers,82,331,300,82,18,2,14,44,51,26,65,2,9,3,.273,.334,.481,.814,.342,-0.6,0.1,0.9,3410
Matt Olson,Athletics,100,412,360,86,20,1,22,54,60,45,117,4,2,0,.238,.328,.482,.810,.342,1.5,0.0,1.6,14344
Yonder Alonso,Indians,99,362,318,80,15,0,18,46,51,41,84,1,2,0,.252,.338,.472,.810,.342,-1.5,0.1,0.9,2530
Willson Contreras,Cubs,91,365,324,87,20,3,12,42,50,34,77,5,3,3,.268,.344,.456,.800,.342,-0.5,-1.1,2.0,11609
Andrew McCutchen,Giants,103,446,384,101,22,2,14,58,55,54,94,5,8,3,.262,.358,.439,.797,.342,-4.6,-0.6,1.2,9847
Alex Bregman,Astros,104,440,391,106,26,3,13,58,53,42,66,5,10,4,.270,.346,.452,.798,.342,-0.5,0.2,2.5,17678
Steven Souza Jr.,Diamondbacks,86,338,295,73,14,1,15,45,44,37,97,4,8,4,.249,.338,.462,.800,.342,1.1,-0.3,1.0,5667
Adrian Beltre,Rangers,72,295,263,74,14,1,10,33,44,26,38,3,1,0,.283,.348,.457,.805,.341,4.2,-0.2,1.7,639
Mitch Haniger,Mariners,95,390,347,90,18,3,17,47,53,33,90,6,5,3,.261,.334,.470,.804,.341,2.4,-0.4,1.9,14274
Yoenis Cespedes,Mets,91,375,342,91,19,2,19,51,61,27,85,3,3,1,.265,.322,.497,.819,.340,4.9,0.4,2.0,13110
Nomar Mazara,Rangers,108,441,400,109,18,3,18,50,68,35,87,4,1,1,.272,.335,.469,.805,.340,-1.4,-0.7,1.1,14553
Mike Moustakas,Royals,102,412,379,103,20,1,21,50,58,26,61,3,0,1,.273,.322,.493,.815,.340,-0.4,-0.6,1.7,4892
Jose Martinez,Cardinals,86,321,289,83,17,1,9,37,42,28,52,1,4,1,.288,.350,.445,.795,.340,-4.0,0.0,0.4,7996
DJ LeMahieu,Rockies,104,438,394,119,18,3,7,61,41,37,60,2,7,4,.303,.365,.421,.785,.340,2.6,-0.8,1.3,9874
Curtis Granderson,Blue Jays,92,342,293,72,17,3,11,50,43,44,82,4,3,2,.247,.351,.439,.790,.340,-6.3,-0.6,0.6,4747
Jedd Gyorko,Cardinals,90,325,292,78,12,1,15,36,51,29,69,2,2,1,.266,.334,.464,.798,.340,3.4,-0.9,1.8,10816
Kyle Seager,Mariners,109,464,417,110,25,1,20,56,69,39,79,6,2,2,.263,.333,.474,.807,.340,2.1,-0.6,2.7,9785
Joey Gallo,Rangers,96,374,322,68,13,2,25,54,57,46,143,4,4,1,.210,.315,.496,.810,.340,1.0,0.5,1.2,14128
Brian Dozier,Twins,109,498,439,111,23,2,22,73,61,51,101,5,10,5,.252,.334,.467,.801,.340,-1.3,-0.1,2.3,9810
Yasmani Grandal,Dodgers,91,336,292,70,15,1,16,38,51,39,85,2,1,1,.241,.332,.464,.796,.340,-0.7,-0.9,2.0,11368
Matt Adams,Nationals,86,268,245,64,14,1,14,31,48,20,60,1,1,1,.262,.321,.491,.811,.339,2.6,-0.5,0.9,9393
Xander Bogaerts,Red Sox,104,451,410,118,26,2,12,63,55,33,84,4,8,2,.287,.345,.449,.793,.339,-1.8,0.7,2.3,12161
Joc Pederson,Dodgers,95,335,282,66,15,2,13,43,43,45,84,5,6,4,.234,.347,.443,.790,.339,-3.4,-0.6,1.0,11899
Steve Pearce,Blue Jays,60,217,195,51,12,1,9,28,29,18,40,3,1,1,.262,.331,.466,.797,.339,-2.7,-0.2,0.4,9957
Tyler O'Neill,Cardinals,83,350,318,81,16,2,18,45,55,26,97,3,6,1,.255,.315,.488,.803,.338,-1.0,0.5,1.1,15711
Travis Shaw,Brewers,101,412,370,94,22,1,20,55,61,37,92,2,4,1,.254,.324,.479,.803,.338,1.6,0.5,1.9,11982
Josh Bell,Pirates,110,449,397,107,20,5,13,57,63,47,77,1,2,4,.269,.346,.444,.790,.337,-2.1,-1.4,0.7,13145
Odubel Herrera,Phillies,113,449,408,117,23,3,12,56,46,33,95,4,10,5,.286,.344,.446,.789,.337,3.6,-0.2,2.3,11476
Yasiel Puig,Dodgers,99,378,336,87,17,2,15,48,51,36,74,3,9,4,.259,.335,.458,.793,.337,4.2,0.3,1.7,14225
Gleyber Torres,Yankees,70,299,266,68,12,2,13,37,39,27,79,3,8,8,.257,.329,.461,.791,.336,-1.8,-2.1,1.1,16997
David Peralta,Diamondbacks,100,388,351,97,19,4,12,47,45,30,73,4,5,2,.276,.337,.452,.790,.336,1.1,-0.2,0.9,2136
Asdrubal Cabrera,Mets,102,411,373,103,24,2,12,50,49,31,69,4,2,1,.277,.336,.453,.789,.336,-10.5,0.0,0.9,4962
Lucas Duda,Royals,85,332,289,69,17,0,16,36,48,36,89,5,0,1,.239,.332,.461,.793,.336,0.2,-0.6,0.8,2502
Robinson Cano,Mariners,101,438,395,112,22,1,14,54,60,35,60,4,1,1,.284,.346,.444,.790,.335,-0.7,-0.5,2.2,3269
Trea Turner,Nationals,96,417,378,105,20,5,11,58,44,34,81,2,32,5,.278,.339,.442,.781,.334,0.1,4.4,2.4,16252
Lorenzo Cain,Brewers,100,417,375,106,19,2,11,56,40,36,71,3,17,3,.282,.347,.430,.777,.334,6.9,1.8,2.4,9077
Ryan McMahon,Rockies,93,347,314,88,18,2,10,40,41,29,84,1,6,3,.279,.341,.445,.786,.334,3.0,-0.1,0.7,15112
Marcell Ozuna,Cardinals,112,469,430,117,20,2,19,56,72,35,101,1,1,2,.272,.326,.462,.788,.334,3.6,-0.7,1.6,10324
Todd Frazier,Mets,101,420,364,88,18,1,18,54,63,46,91,6,7,4,.243,.335,.445,.779,.334,2.0,0.0,2.1,785
Yulieski Gurriel,Astros,87,366,335,93,27,1,11,46,49,22,52,5,2,1,.277,.327,.463,.791,.334,-1.2,-0.5,0.9,19198
Justin Upton,Angels,105,442,392,95,19,1,23,59,71,43,130,3,8,3,.243,.321,.470,.790,.334,0.7,0.6,1.7,5222
Mitch Moreland,Red Sox,94,343,308,80,21,0,13,39,51,30,76,4,0,1,.260,.331,.455,.786,.333,3.4,-0.5,1.1,3086
Trevor Story,Rockies,97,401,359,86,20,4,19,51,61,36,129,4,9,2,.241,.313,.481,.794,.333,-0.1,0.6,1.2,12564
Joe Mauer,Twins,96,413,359,102,20,1,5,46,41,51,63,1,1,1,.286,.374,.387,.762,.333,2.8,-0.2,1.1,1857
Corey Dickerson,Pirates,105,417,389,107,26,3,16,50,50,24,83,2,3,2,.275,.317,.482,.799,.333,2.9,-0.9,1.3,10762
Ji-Man Choi,Brewers,55,200,174,43,11,1,8,24,25,22,49,2,2,2,.246,.334,.452,.785,.333,-0.8,-0.8,0.1,5452
Shohei Ohtani,Angels,82,246,225,59,12,1,11,33,39,20,73,1,3,1,.263,.322,.467,.789,.332,-0.1,0.0,0.5,19755
Yangervis Solarte,Blue Jays,96,387,353,95,20,1,14,42,59,28,49,3,1,0,.270,.328,.453,.782,.332,-2.4,-0.6,1.3,5352
Trey Mancini,Orioles,105,441,404,107,19,2,18,52,54,32,105,3,1,1,.266,.321,.460,.782,.332,-3.3,0.2,1.0,15149
Matt Kemp,Dodgers,97,385,359,99,22,1,16,43,62,23,86,1,2,1,.275,.317,.474,.791,.331,-8.0,-0.5,0.4,5631
Shin-Soo Choo,Rangers,90,389,336,86,15,1,12,52,42,43,88,7,5,2,.255,.349,.411,.760,.331,-5.9,-0.1,0.0,3174
Hanley Ramirez,Red Sox,91,386,343,91,17,0,14,46,55,35,75,4,5,2,.264,.338,.439,.777,.331,0.3,-0.7,0.6,8001
Jorge Soler,Royals,81,317,275,67,16,1,12,37,38,37,91,3,1,0,.243,.338,.432,.769,.331,-2.3,-0.5,0.5,14221
Starling Marte,Pirates,89,375,342,97,16,4,9,52,39,21,74,9,21,6,.284,.340,.430,.770,.331,5.1,1.9,2.2,9241
Rafael Devers,Red Sox,105,442,408,109,22,2,19,55,61,30,105,1,5,4,.267,.316,.474,.790,.331,-1.4,-0.8,1.6,17350
Josh Reddick,Astros,95,363,328,88,17,2,11,49,48,33,55,0,4,2,.270,.334,.439,.773,.330,3.4,0.1,1.5,3892
Aaron Hicks,Yankees,83,313,270,67,13,2,11,41,40,38,62,1,8,3,.248,.339,.427,.767,.330,2.1,0.3,1.6,5297
Neil Walker,Yankees,85,346,306,79,14,1,12,44,42,34,63,3,1,1,.259,.337,.434,.771,.330,-2.0,-0.6,0.6,7539
Jay Bruce,Mets,105,428,387,98,21,2,19,50,66,38,97,1,3,2,.253,.319,.464,.784,.330,-1.6,-0.1,1.1,9892
Jed Lowrie,Athletics,93,391,350,95,22,2,9,43,44,38,64,2,0,0,.272,.344,.421,.764,.330,-1.2,-0.3,1.7,4418
Ryan Zimmerman,Nationals,86,342,313,80,17,1,15,43,55,25,74,2,1,0,.257,.315,.463,.778,.329,-1.8,-0.1,0.4,4220
Scott Schebler,Reds,97,370,332,83,15,3,16,48,53,26,85,9,5,2,.250,.320,.460,.780,.329,-1.3,0.1,0.8,12225
Ronald Acuna,Braves,91,397,363,97,17,4,14,50,48,28,112,3,20,11,.267,.322,.451,.773,.329,0.2,-0.7,0.9,18401
Scooter Gennett,Reds,103,381,355,98,20,2,14,47,54,21,79,2,3,2,.276,.319,.459,.778,.329,-4.8,-0.4,0.8,10339
Howie Kendrick,Nationals,83,327,301,88,18,2,6,39,33,20,60,3,6,3,.291,.340,.427,.767,.329,-1.2,-0.7,0.9,4229
Joe Panik,Giants,89,371,334,95,16,3,7,45,37,29,35,4,2,1,.285,.347,.415,.763,.328,0.6,-0.8,1.5,11936
Robbie Grossman,Twins,91,340,291,74,17,1,8,40,36,44,68,1,2,1,.255,.352,.399,.751,.328,-6.1,-0.4,0.2,5254
Eddie Rosario,Twins,109,433,408,111,23,4,17,60,56,21,88,1,7,5,.273,.307,.471,.779,.328,4.4,-0.5,1.5,12155
Matt Chapman,Athletics,93,388,346,80,17,3,19,52,52,37,118,3,3,3,.231,.309,.466,.775,.327,8.5,-0.4,2.5,16505
Jabari Blash,Angels,70,260,221,48,10,1,12,34,39,32,97,5,2,2,.215,.327,.429,.757,.327,-2.5,-0.2,0.5,11247
Mark Zagunis,Cubs,65,272,230,55,13,2,7,33,30,36,68,4,4,2,.239,.350,.397,.746,.327,-2.3,-0.4,0.3,16565
Francisco Cervelli,Pirates,73,278,237,61,10,2,5,29,30,31,56,7,1,2,.259,.358,.383,.741,.327,-0.9,-0.8,1.3,5275
Tyler Austin,Yankees,73,284,256,61,13,1,14,36,45,24,91,2,2,1,.238,.307,.468,.775,.327,0.7,0.0,0.6,11850
Chris Iannetta,Rockies,61,222,190,45,10,0,8,23,26,27,55,3,0,0,.234,.339,.413,.751,.327,-3.0,-0.4,0.4,8267
Dexter Fowler,Cardinals,90,387,330,80,16,4,11,53,39,50,82,4,7,3,.242,.345,.407,.753,.327,-2.6,-0.2,0.6,4062
Jesus Aguilar,Brewers,97,325,292,75,15,1,14,41,50,26,83,3,0,0,.255,.319,.452,.771,.327,1.3,-0.2,0.6,11342
Ben Zobrist,Cubs,86,345,300,78,15,2,8,46,36,41,47,1,2,2,.261,.351,.400,.751,.327,3.6,-0.3,1.2,7435
Matt Joyce,Athletics,96,318,270,61,15,1,12,39,34,43,72,2,2,2,.228,.337,.416,.753,.327,-2.8,-0.8,0.5,3353
Gregory Polanco,Pirates,97,397,355,92,22,2,13,53,47,36,75,2,10,3,.260,.330,.442,.771,.326,2.2,-0.1,1.1,12907
Christian Walker,Diamondbacks,89,351,318,79,17,2,14,44,50,28,93,3,2,1,.250,.315,.456,.771,.326,-1.5,-0.6,0.6,13419
Yoan Moncada,White Sox,100,447,390,97,17,3,14,57,43,51,130,3,16,7,.249,.339,.416,.755,.326,1.1,0.3,2.0,17232
Cesar Hernandez,Phillies,108,437,381,103,15,5,7,58,29,50,85,2,14,6,.271,.356,.389,.745,.326,-0.5,0.0,1.4,10556
Wilmer Flores,Mets,94,314,291,77,16,1,13,36,44,18,44,2,1,1,.266,.312,.460,.772,.326,-3.0,-0.4,0.5,5827
Carlos Gonzalez,Rockies,89,352,319,81,17,1,15,44,46,29,81,1,3,0,.255,.317,.457,.774,.326,-0.1,0.3,0.1,7287
Brian McCann,Astros,76,293,258,64,9,1,12,35,46,27,53,6,1,0,.247,.330,.427,.757,.326,-0.8,0.0,1.6,4810
Clint Frazier,Yankees,71,299,268,65,15,3,12,38,40,26,80,2,5,2,.244,.313,.456,.769,.326,-0.7,-1.3,0.5,15983
Eduardo Escobar,Twins,97,367,336,90,22,2,12,44,48,25,71,2,2,2,.267,.318,.453,.771,.325,-0.2,-0.2,1.5,6153
Elvis Andrus,Rangers,95,399,365,104,21,2,8,50,43,27,51,2,14,6,.284,.334,.423,.757,.325,-2.9,0.8,1.4,8709
Paul DeJong,Cardinals,105,437,401,102,21,1,19,51,57,27,120,6,2,2,.255,.311,.457,.767,.325,-2.9,-0.3,1.6,18015
Maikel Franco,Phillies,106,437,403,106,22,2,18,50,70,28,69,2,1,0,.264,.312,.461,.774,.325,-4.4,-0.4,1.0,12179
Adam Duvall,Reds,107,422,384,91,22,2,22,51,68,30,109,5,4,2,.237,.300,.476,.776,.325,2.6,-0.1,1.0,10950
Evan Longoria,Giants,107,448,416,112,27,2,16,49,58,26,81,3,2,1,.269,.315,.456,.771,.325,-0.8,-0.2,1.6,9368
C.J. Cron,Rays,96,371,341,88,16,1,16,42,53,21,87,6,3,2,.258,.310,.456,.766,.325,-0.8,-0.1,0.5,12546
Jonathan Schoop,Orioles,103,421,391,101,20,0,20,53,64,19,92,7,1,0,.259,.302,.463,.765,.324,1.5,0.0,1.7,11265
Nick Markakis,Braves,105,459,409,114,23,1,8,52,52,46,65,2,1,2,.280,.354,.395,.749,.324,-0.2,-1.3,0.7,5930
Max Kepler,Twins,105,419,376,95,23,4,13,49,54,38,79,2,4,2,.252,.322,.437,.759,.323,1.9,-0.1,1.3,12144
Jeimer Candelario,Tigers,101,421,377,95,26,4,12,49,47,38,96,4,1,1,.252,.324,.432,.756,.323,0.1,-0.2,1.5,13621
Melky Cabrera,Indians,88,380,354,102,22,2,8,42,48,21,42,1,1,1,.289,.330,.427,.757,.323,-4.1,-0.2,0.4,4022
Renato Nunez,Orioles,79,324,298,72,15,1,18,41,48,21,87,3,1,1,.243,.297,.472,.769,.323,-6.0,-0.1,0.3,14503
Pedro Alvarez,Orioles,97,354,322,76,14,1,20,42,55,29,95,1,1,0,.237,.301,.468,.769,.323,-4.2,0.1,0.0,2495
Brett Gardner,Yankees,101,449,386,99,16,3,9,64,40,50,85,6,12,2,.256,.347,.390,.737,.323,5.5,1.8,2.0,9927
Ozzie Albies,Braves,112,506,461,121,25,6,15,68,59,34,102,4,17,4,.262,.317,.439,.756,.322,5.9,1.5,2.3,16556
Jesse Winker,Reds,93,361,314,83,17,0,7,41,34,41,61,3,2,2,.264,.352,.385,.737,.322,-1.0,-1.0,0.4,13590
Jonathan Lucroy,Athletics,87,342,307,84,19,2,6,34,35,30,44,3,1,1,.273,.343,.402,.744,.322,-2.2,-0.7,1.6,7870
Mark Reynolds,Nationals,80,290,257,60,11,1,14,31,36,30,86,2,1,1,.232,.315,.437,.752,.322,0.1,-0.8,0.1,7619
Evan Gattis,Astros,84,312,286,71,14,2,14,34,50,20,67,4,0,1,.248,.303,.460,.763,.322,-5.8,-0.4,-0.2,11003
Brad Miller,Rays,95,345,302,73,14,3,11,39,42,39,89,1,4,2,.241,.328,.420,.748,.321,-3.4,-0.5,0.2,12775
Mark Trumbo,Orioles,90,366,339,85,15,1,19,46,51,24,93,1,1,0,.249,.298,.465,.763,.321,-0.8,0.3,0.3,6876
Dominic Smith,Mets,97,403,371,101,19,1,12,47,50,27,76,2,1,1,.272,.323,.430,.752,.321,5.1,-0.4,1.0,15653
Austin Barnes,Dodgers,77,252,215,54,11,1,5,32,26,30,43,4,5,1,.249,.352,.376,.727,.320,-0.4,0.4,1.0,12158
Adam Jones,Orioles,103,445,419,113,19,1,19,53,57,17,80,5,2,1,.269,.303,.457,.759,.320,-3.7,-0.4,1.0,6368
Marcus Semien,Athletics,96,407,367,94,19,2,13,53,46,35,90,1,8,2,.257,.321,.428,.748,.320,-1.0,0.7,1.8,12533
Avisail Garcia,White Sox,93,378,349,96,15,2,11,45,47,21,84,6,4,3,.276,.326,.424,.750,.320,-1.4,-1.1,0.6,5760
Aaron Altherr,Phillies,87,341,303,71,16,3,13,42,52,30,92,5,5,3,.236,.314,.437,.751,.320,1.6,-0.6,0.7,11270
Didi Gregorius,Yankees,108,435,400,105,20,2,16,55,60,26,59,4,4,1,.263,.312,.445,.757,.320,0.0,0.4,1.9,6012
J.T. Realmuto,Marlins,94,381,352,95,18,3,10,44,40,23,68,4,6,2,.271,.321,.429,.750,.319,0.6,0.2,1.8,11739
Logan Forsythe,Dodgers,83,320,280,68,15,1,9,38,33,34,71,5,3,2,.244,.334,.399,.733,.319,0.7,-0.3,1.1,7185
Whit Merrifield,Royals,107,465,432,122,26,3,9,56,47,25,72,4,22,6,.282,.324,.421,.745,.319,2.1,1.8,1.8,11281
Josh Harrison,Pirates,85,346,318,89,18,2,7,43,33,16,53,8,8,3,.280,.326,.417,.743,.319,0.6,0.7,1.2,8202
Derek Dietrich,Marlins,96,340,301,74,16,3,9,39,35,22,78,15,0,1,.247,.329,.410,.739,.319,-4.5,-0.5,0.1,10542
Tyler Naquin,Indians,77,278,254,69,11,2,7,32,29,20,77,2,4,3,.270,.326,.421,.746,.319,-0.2,-0.4,0.5,13359
Wilson Ramos,Rays,80,310,290,78,11,0,13,30,47,17,55,1,0,0,.270,.310,.441,.751,.319,-1.4,-1.0,1.3,1433
Chris Taylor,Dodgers,105,430,388,99,22,6,10,56,44,35,100,4,10,5,.255,.321,.421,.742,.319,0.9,0.2,1.6,13757
Gerardo Parra,Rockies,90,330,310,88,18,2,7,42,36,16,53,2,6,3,.285,.322,.423,.746,.319,0.7,-0.5,-0.1,8553
Randal Grichuk,Blue Jays,93,337,311,73,18,2,18,43,50,20,105,3,3,2,.234,.284,.480,.765,.318,2.4,0.0,0.9,10243
Brandon Crawford,Giants,103,399,362,96,20,3,10,42,54,31,83,3,3,3,.266,.326,.427,.753,.318,5.9,-0.7,2.1,5343
Dan Vogelbach,Mariners,87,351,308,75,14,1,11,40,40,39,82,2,1,1,.245,.332,.400,.732,.318,-1.0,-0.6,0.5,14130
Austin Meadows,Pirates,58,241,221,57,15,2,7,30,32,17,42,1,8,3,.256,.312,.439,.751,.318,2.4,0.1,1.0,15672
Devon Travis,Blue Jays,63,253,234,61,16,1,7,32,30,14,52,2,4,2,.262,.309,.435,.745,.318,-0.3,0.4,0.8,13862
Derek Fisher,Astros,91,359,319,76,14,3,14,47,48,33,111,3,11,5,.236,.312,.436,.748,.318,-3.0,0.0,0.7,16192
Danny Valencia,Orioles,84,309,282,73,12,1,11,38,40,24,67,1,1,1,.257,.316,.427,.743,.317,-2.9,-0.7,0.3,6364
Addison Russell,Cubs,101,381,340,85,21,2,11,48,48,34,89,4,3,1,.250,.323,.420,.743,.317,8.0,0.2,2.1,14106
Kendrys Morales,Blue Jays,95,375,342,85,16,1,16,39,57,28,80,3,1,0,.249,.309,.439,.748,.317,0.0,-0.1,0.2,8610
Miguel Andujar,Yankees,99,410,386,104,24,3,12,47,51,18,67,4,3,2,.270,.307,.440,.747,.317,-4.0,-0.7,0.7,15878
Tommy La Stella,Cubs,75,203,180,49,9,1,2,20,23,20,28,1,1,1,.272,.348,.372,.720,.317,-2.9,-0.2,0.1,12371
Stephen Piscotty,Athletics,97,392,348,87,20,1,11,45,46,36,84,5,4,4,.249,.326,.406,.732,.316,2.6,-1.3,0.9,13367
Starlin Castro,Marlins,101,414,387,109,20,1,11,47,49,21,74,2,3,1,.281,.319,.425,.744,.316,-1.9,-0.3,1.0,4579
Marwin Gonzalez,Astros,100,360,324,83,17,1,12,39,48,27,75,3,5,2,.257,.318,.421,.739,.316,2.9,0.1,1.1,5497
Brock Holt,Red Sox,71,258,232,63,13,1,3,32,21,22,47,2,4,2,.272,.339,.383,.722,.316,-1.1,-0.6,0.6,9345
Russell Martin,Blue Jays,72,289,244,53,10,0,10,34,36,36,71,6,1,2,.218,.332,.385,.718,.316,1.5,-1.2,1.3,4616
Preston Tucker,Braves,93,349,318,78,17,2,13,42,46,27,80,2,1,2,.246,.308,.436,.743,.316,-3.6,-0.8,0.1,13633
Nick Delmonico,White Sox,63,248,219,52,12,0,8,28,29,24,62,3,2,1,.238,.320,.409,.729,.316,1.4,-0.4,0.6,13157
Zack Cozart,Angels,85,353,316,79,16,3,10,44,37,29,57,4,2,1,.250,.318,.420,.738,.316,3.6,0.0,1.7,2616
Andrelton Simmons,Angels,110,443,408,115,21,3,7,50,47,30,41,2,10,3,.283,.334,.396,.730,.316,12.5,0.5,3.2,10847
Mark Canha,Athletics,86,335,304,74,18,2,12,41,42,24,81,5,3,1,.242,.307,.432,.739,.315,-2.1,0.2,0.8,11445
Daniel Descalso,Diamondbacks,94,261,226,54,12,3,6,30,32,30,59,2,2,1,.240,.331,.399,.730,.315,-4.1,0.0,0.1,8392
Jefry Marte,Angels,76,275,250,60,13,1,11,32,37,21,58,3,4,2,.242,.306,.431,.737,.315,-1.1,-0.3,0.5,5107
Rougned Odor,Rangers,98,394,366,91,19,3,17,52,53,19,89,6,8,5,.250,.294,.456,.750,.315,-3.6,-0.4,0.5,12282
Javier Baez,Cubs,107,387,360,92,17,3,17,51,60,18,101,5,10,2,.257,.300,.462,.761,.314,1.3,0.9,1.2,12979
Kolten Wong,Cardinals,98,351,310,79,15,3,8,42,35,28,55,9,8,3,.255,.333,.397,.730,.314,2.5,0.3,1.2,12532
Colin Moran,Pirates,80,326,296,78,15,1,8,37,41,25,68,2,1,2,.264,.325,.408,.733,.314,-0.1,-1.3,0.7,16909
Adrian Gonzalez,Mets,88,343,309,80,16,0,10,34,50,30,63,1,0,1,.261,.327,.411,.738,.314,2.0,-1.0,0.4,1908
Albert Almora Jr.,Cubs,102,325,302,84,17,2,6,41,36,18,53,1,2,2,.279,.319,.414,.733,.314,3.7,0.2,1.1,14109
Travis d'Arnaud,Mets,65,241,221,57,12,1,8,26,32,16,40,2,0,0,.257,.310,.430,.740,.313,-2.2,-0.3,0.8,7739
Ender Inciarte,Braves,112,491,450,129,19,4,7,64,37,33,65,1,21,6,.285,.334,.392,.726,.313,5.9,1.5,1.9,4922
Brandon Guyer,Indians,72,216,188,44,11,1,5,24,22,15,43,12,2,1,.236,.329,.381,.710,.313,0.7,0.0,0.4,2636
Brandon Nimmo,Mets,88,336,287,68,12,4,6,41,29,42,88,5,4,2,.235,.340,.371,.711,.313,-4.0,-0.1,0.3,12927
Kevin Pillar,Blue Jays,111,443,413,113,30,2,9,52,40,20,68,4,13,4,.274,.311,.424,.735,.313,7.0,1.1,2.1,12434
Robinson Chirinos,Rangers,59,212,186,40,9,1,9,23,25,17,65,6,1,0,.217,.303,.425,.728,.313,0.3,0.0,0.9,3142
Denard Span,Rays,90,386,346,90,16,3,8,49,36,34,50,2,10,4,.261,.330,.390,.720,.313,-6.6,-0.2,0.0,8347
Mike Tauchman,Rockies,83,314,285,77,13,4,5,36,29,23,58,1,11,5,.271,.327,.401,.728,.313,2.4,-0.2,0.2,15274
Jackie Bradley Jr.,Red Sox,99,385,342,82,17,2,11,50,45,34,95,7,6,1,.240,.320,.405,.725,.312,3.9,1.0,1.3,12984
Hunter Renfroe,Padres,86,350,326,78,18,2,16,42,50,19,96,3,3,1,.241,.287,.458,.745,.312,3.2,-0.4,0.8,15464
Jean Segura,Mariners,107,466,433,122,21,3,9,61,45,22,69,4,20,6,.282,.321,.409,.730,.312,-3.3,1.0,1.7,5933
Salvador Perez,Royals,90,356,336,86,17,1,16,40,51,14,65,3,1,0,.257,.290,.455,.745,.312,3.3,-0.3,1.4,7304
Mike Zunino,Mariners,89,324,292,63,12,0,18,36,48,24,112,7,1,1,.217,.289,.444,.733,.312,-1.6,-0.3,1.4,13265
Jason Heyward,Cubs,96,382,339,87,16,3,8,46,44,36,56,3,6,2,.257,.330,.387,.717,.312,9.5,0.4,1.3,4940
Teoscar Hernandez,Blue Jays,90,386,352,84,21,3,14,49,48,28,107,3,11,6,.240,.300,.433,.733,.311,3.1,-0.1,0.8,13066
Kevin Kiermaier,Rays,79,306,277,69,12,4,9,37,27,23,70,3,10,3,.247,.309,.419,.728,.311,7.7,0.8,1.8,11038
Nick Williams,Phillies,106,410,381,95,18,4,16,51,59,22,120,4,4,4,.250,.297,.441,.737,.311,0.7,-1.1,0.4,14330
Jurickson Profar,Rangers,83,333,293,74,17,2,6,38,32,30,49,5,5,1,.251,.329,.383,.712,.311,-0.3,0.4,1.0,10815
Kurt Suzuki,Braves,72,265,240,62,12,0,7,27,35,16,32,6,0,0,.260,.320,.403,.722,.311,-2.8,-0.3,0.6,8259
Daniel Robertson,Rays,78,304,263,62,11,2,6,34,27,34,74,6,2,1,.238,.336,.368,.704,.311,1.5,-0.1,1.1,14145
Tucker Barnhart,Reds,83,298,262,68,15,2,5,22,30,30,51,1,2,0,.261,.337,.390,.726,.311,5.5,-0.4,1.6,10200
Tyler Flowers,Braves,64,229,201,49,8,0,6,20,28,19,59,7,0,1,.243,.330,.378,.708,.311,-1.4,-0.3,0.7,9134
Victor Caratini,Cubs,82,298,270,71,17,2,5,33,30,23,60,3,1,0,.262,.325,.397,.722,.311,-4.4,0.2,0.2,14968
Jose Pirela,Padres,90,368,339,89,18,4,8,45,39,24,70,2,6,4,.263,.315,.409,.724,.311,2.3,-1.0,0.8,5485
Nick Franklin,Brewers,65,208,187,46,9,1,6,23,26,17,47,2,5,1,.245,.313,.409,.723,.310,-1.9,0.3,0.2,10166
Luis Valbuena,Angels,83,293,259,59,11,1,12,31,39,30,77,2,0,1,.229,.312,.411,.723,.310,-2.5,-0.9,0.4,4969
Ketel Marte,Diamondbacks,104,427,391,106,21,5,6,49,36,31,58,2,8,3,.271,.325,.396,.720,.310,-0.9,-0.1,0.5,13613
Enrique Hernandez,Dodgers,89,253,225,52,12,2,9,30,28,25,61,1,2,1,.232,.309,.419,.728,.310,-2.8,0.3,0.3,10472
Welington Castillo,White Sox,77,290,267,65,10,0,13,28,39,19,80,3,0,0,.243,.299,.428,.727,.310,-1.8,-0.4,1.0,3256
Christian Villanueva,Padres,84,334,304,71,17,1,14,40,47,23,79,4,2,1,.235,.295,.437,.732,.310,1.0,-0.5,0.9,11738
Ian Desmond,Rockies,92,378,348,86,15,2,14,48,52,24,91,4,13,3,.249,.302,.422,.724,.309,0.5,0.6,-0.6,6885
Alex Avila,Diamondbacks,70,232,194,41,7,0,7,22,23,37,84,1,0,1,.210,.336,.359,.695,.309,0.1,-0.4,0.5,7476
Dansby Swanson,Braves,99,407,365,94,21,3,7,48,45,39,92,2,4,2,.258,.330,.389,.719,.309,2.5,-0.2,1.3,18314
David Freese,Pirates,86,306,268,66,12,0,7,32,34,29,73,7,0,1,.247,.332,.372,.704,.308,0.7,-0.5,0.6,9549
Matt Duffy,Rays,82,326,301,81,14,2,7,34,34,20,64,2,7,3,.271,.318,.397,.715,.308,-1.6,-0.7,0.7,13836
Adam Frazier,Pirates,91,335,302,81,14,3,4,39,29,26,47,4,7,5,.269,.333,.372,.705,.308,2.0,-1.1,0.6,15223
Max Muncy,Dodgers,75,264,231,52,11,1,9,30,30,30,67,2,1,2,.226,.318,.395,.713,.308,-3.9,-0.6,0.0,13301
Chris Davis,Orioles,95,390,342,72,12,0,20,46,53,42,141,3,1,1,.211,.302,.421,.724,.308,1.1,-0.4,0.2,9272
Eduardo Nunez,Red Sox,92,362,342,95,21,1,8,42,40,14,51,2,15,5,.278,.308,.414,.722,.308,1.7,0.1,0.9,6848
Victor Martinez,Tigers,83,329,298,78,12,0,9,28,41,26,46,3,0,0,.262,.324,.395,.719,.308,0.0,-0.3,-0.2,393
Dustin Fowler,Athletics,66,285,269,69,14,4,9,33,41,12,56,1,9,5,.256,.289,.443,.732,.308,-2.1,-0.3,0.5,17098
Ronald Guzman,Rangers,88,357,327,83,14,3,10,40,39,24,73,5,2,1,.254,.313,.403,.715,.308,2.5,-0.3,0.2,14388
Chase Utley,Dodgers,85,277,247,61,14,3,5,34,28,22,50,6,4,1,.245,.319,.387,.706,.306,0.1,0.5,0.7,1679
Jason Kipnis,Indians,94,407,363,89,23,2,9,49,40,35,81,3,7,3,.244,.315,.392,.707,.306,0.0,-0.1,0.8,9776
Devin Mesoraco,Mets,55,182,159,34,7,1,7,19,20,17,40,5,1,1,.211,.306,.402,.708,.306,-4.3,-0.4,0.2,5666
Jonathan Villar,Brewers,98,365,329,83,15,2,10,41,36,30,105,2,23,7,.251,.315,.395,.710,.306,-2.0,1.3,0.4,10071
Alex Verdugo,Dodgers,85,343,314,83,17,2,6,37,34,24,46,2,4,3,.264,.319,.391,.710,.306,-3.5,-0.1,0.4,17027
Yadier Molina,Cardinals,89,354,330,90,16,1,9,32,45,19,46,2,4,2,.272,.313,.402,.716,.306,3.0,-0.6,1.5,7007
J.D. Davis,Astros,76,321,293,69,14,1,13,36,41,23,103,3,3,2,.236,.297,.420,.717,.306,-0.5,-0.4,0.8,16219
Cory Spangenberg,Padres,96,334,304,77,13,3,9,37,33,22,83,3,9,3,.253,.309,.403,.712,.306,-4.1,0.3,0.2,12294
Max Stassi,Astros,60,220,197,45,9,1,8,26,27,18,67,4,1,1,.227,.303,.404,.708,.306,-0.8,-0.4,0.8,10059
Lonnie Chisenhall,Indians,75,261,236,59,14,1,7,28,34,19,52,3,3,1,.251,.312,.403,.715,.305,-0.7,0.2,0.1,7571
Chance Sisco,Orioles,79,288,261,64,15,0,8,32,33,20,83,6,2,1,.245,.311,.392,.703,.305,-2.1,-0.3,0.7,15694
Brian Anderson,Marlins,102,414,373,92,18,2,10,48,45,33,97,6,1,1,.247,.317,.384,.702,.305,2.3,-0.4,0.7,18289
Hernan Perez,Brewers,94,312,295,79,14,2,9,32,36,12,57,1,10,3,.268,.297,.421,.718,.305,4.8,0.8,0.8,5751
Ian Kinsler,Angels,91,404,369,93,17,2,10,54,36,28,59,5,9,3,.252,.311,.395,.706,.305,7.0,-0.7,1.7,6195
Colby Rasmus,Orioles,59,213,192,42,8,1,11,24,29,19,69,1,2,0,.218,.289,.435,.724,.305,2.5,0.3,0.4,9893
Jose Osuna,Pirates,82,274,257,65,16,2,8,32,36,13,56,2,2,2,.254,.295,.423,.718,.305,-1.3,-0.5,0.0,12937
Matt Wieters,Nationals,75,278,252,63,12,1,8,26,35,22,53,2,1,0,.251,.314,.393,.707,.304,-1.0,-0.5,0.6,4298
Anthony Santander,Orioles,80,316,290,71,16,0,11,37,38,19,75,5,3,2,.243,.298,.415,.714,.304,-2.9,-0.4,-0.1,14551
Harrison Bader,Cardinals,99,358,325,79,11,2,12,45,38,23,100,7,10,7,.242,.305,.403,.708,.304,1.8,-1.0,0.5,18030
Brian Goodwin,Nationals,71,268,241,58,12,2,8,31,32,23,76,1,7,2,.240,.307,.403,.710,.304,-0.6,-0.3,0.1,12858
Tony Kemp,Astros,80,339,307,83,12,3,4,39,29,23,41,3,12,5,.272,.326,.369,.696,.304,-1.0,-0.4,0.8,14894
Boog Powell,Athletics,66,263,235,61,9,2,4,32,21,23,47,1,7,6,.259,.327,.366,.693,.304,-0.3,-1.2,0.5,15103
James McCann,Tigers,80,305,278,71,13,1,8,28,35,19,70,4,1,1,.255,.309,.394,.704,.304,1.6,-0.4,1.1,12859
Tim Beckham,Orioles,88,338,312,77,12,3,12,37,38,22,93,2,3,3,.246,.297,.415,.712,.304,-2.0,-0.5,0.5,7949
Moises Sierra,Nationals,81,265,243,64,11,2,5,29,27,17,54,3,7,3,.262,.315,.389,.704,.304,3.4,-0.3,0.4,6050
Taylor Motter,Mariners,74,280,255,62,12,1,9,33,32,21,57,2,10,3,.245,.305,.401,.706,.304,-2.6,0.6,0.7,12399
Kole Calhoun,Angels,104,433,389,94,16,2,12,53,50,38,92,4,4,2,.242,.313,.389,.701,.303,5.7,-0.2,1.1,11200
Aledmys Diaz,Blue Jays,88,339,314,79,18,1,11,39,37,18,57,4,5,3,.250,.298,.416,.714,.303,-2.1,-0.7,0.6,15937
J.P. Crawford,Phillies,96,409,357,84,15,4,8,48,42,47,82,1,4,4,.235,.325,.364,.689,.303,3.0,-1.0,1.1,15491
Leonys Martin,Tigers,94,363,336,86,16,3,10,47,36,22,81,2,15,7,.255,.303,.404,.707,.302,6.4,0.5,1.3,11846
Alex Gordon,Royals,89,347,306,73,13,1,9,37,32,31,82,8,4,2,.238,.322,.373,.695,.302,4.7,0.0,0.7,5209
Jon Jay,Royals,88,314,280,77,11,2,1,36,21,22,55,8,3,2,.275,.342,.342,.684,.302,1.2,-1.0,0.2,5227
Ryon Healy,Mariners,100,419,397,101,19,1,17,48,53,17,97,2,0,1,.253,.286,.428,.714,.302,-1.2,-0.6,0.0,15447
Austin Slater,Giants,62,250,227,57,10,1,6,27,25,19,60,2,3,2,.253,.315,.378,.693,.302,0.4,-0.5,0.1,16153
Austin Jackson,Giants,78,300,272,71,15,2,3,33,26,25,70,1,5,3,.263,.325,.368,.693,.302,-4.4,0.0,0.1,9848
Matt Davidson,White Sox,89,360,322,69,12,0,18,38,52,30,130,4,0,1,.213,.286,.421,.708,.302,-2.9,-0.7,-0.4,7226
Alex Blandino,Reds,83,319,282,66,15,1,7,36,28,28,77,5,3,4,.235,.314,.376,.690,.301,-0.3,-1.1,0.2,16271
Ryan Schimpf,Angels,71,270,236,46,10,1,13,34,40,29,98,4,1,1,.195,.290,.416,.706,.301,-2.5,-0.1,0.4,9953
Brandon Drury,Yankees,88,340,315,79,18,1,10,32,38,20,70,3,1,1,.250,.299,.405,.704,.301,-3.9,-1.4,0.1,11615
Franchy Cordero,Padres,89,380,351,86,14,6,12,44,46,23,122,2,10,4,.245,.293,.416,.709,.301,-1.8,0.5,0.2,14567
Sean Rodriguez,Pirates,73,184,162,35,8,1,7,22,21,17,59,3,1,1,.215,.300,.398,.697,.301,0.1,-0.1,0.2,6589
Garrett Cooper,Marlins,69,260,239,58,13,1,8,28,31,17,60,3,1,1,.245,.302,.400,.702,.301,0.1,-0.4,-0.2,15279
Chad Pinder,Athletics,78,308,285,68,15,1,11,36,36,16,89,5,3,3,.238,.288,.416,.704,.301,-2.8,-1.0,0.0,15191
Bradley Zimmer,Indians,90,352,315,73,15,2,10,42,38,29,120,5,17,5,.233,.307,.385,.693,.300,3.6,1.4,1.1,16221
Billy McKinney,Yankees,77,308,279,67,14,4,8,34,32,23,71,3,1,1,.239,.301,.398,.700,.300,4.9,-2.5,0.4,15654
Noel Cuevas,Rockies,83,310,290,78,10,4,6,33,30,13,63,3,8,3,.270,.306,.396,.702,.300,3.4,-0.2,-0.2,11894
Kevin Plawecki,Mets,67,253,228,57,11,1,6,26,26,19,42,5,1,0,.249,.317,.375,.691,.300,0.1,0.1,0.8,13807
Yan Gomes,Indians,74,278,255,60,12,1,11,31,38,17,76,4,0,0,.233,.291,.414,.705,.300,1.2,-0.1,1.0,9627
Chase Headley,,90,333,295,72,14,1,6,36,30,32,75,4,3,1,.245,.325,.358,.683,.300,0.5,-0.2,0.4,4720
Jordy Mercer,Pirates,101,386,348,90,18,2,8,39,40,31,63,3,1,2,.257,.319,.394,.714,.300,-0.9,-0.8,0.7,6547
Daniel Palka,White Sox,77,323,297,67,12,2,15,38,41,23,105,1,4,2,.224,.281,.432,.713,.300,-3.1,-0.7,-0.2,14897
Scott Kingery,Phillies,96,412,381,95,19,4,10,48,45,22,93,5,14,3,.250,.298,.404,.702,.300,1.9,1.4,0.8,17975
Byron Buxton,Twins,97,364,332,79,14,4,11,46,40,25,107,2,17,1,.238,.295,.405,.700,.299,10.0,3.0,1.9,14161
Jose Bautista,,82,352,302,63,14,0,11,44,41,44,88,3,2,1,.209,.314,.367,.681,.299,-2.9,-0.2,-0.1,1887
Manuel Margot,Padres,93,393,363,93,15,7,7,43,34,24,68,2,14,5,.255,.304,.393,.697,.299,5.4,0.4,1.2,14712
Mac Williamson,Giants,73,275,252,59,12,1,10,31,33,18,79,3,2,1,.235,.293,.406,.699,.298,-1.2,0.0,-0.1,14158
Leury Garcia,White Sox,81,281,260,68,9,3,6,31,27,12,62,4,12,4,.260,.303,.390,.693,.298,1.5,0.3,0.5,5913
Brett Phillips,Brewers,80,316,283,62,10,4,12,36,40,28,115,2,6,2,.218,.290,.412,.702,.298,3.4,0.2,0.6,14735
Phillip Ervin,Reds,73,293,260,60,13,2,8,33,31,25,74,4,12,4,.229,.306,.377,.683,.298,3.0,0.6,0.3,14738
Cameron Maybin,Marlins,92,336,298,73,15,2,5,39,31,34,68,2,15,5,.244,.322,.355,.677,.297,-2.0,0.5,0.0,5223
Greg Garcia,Cardinals,93,253,217,52,10,1,3,27,20,27,55,4,2,2,.241,.333,.334,.668,.297,2.0,-0.3,0.5,10951
Yolmer Sanchez,White Sox,104,403,370,94,17,5,8,43,44,22,86,4,6,5,.255,.300,.393,.692,.297,4.8,-1.0,1.1,11602
Tim Locastro,Dodgers,80,329,298,76,14,2,5,37,28,13,54,14,14,5,.254,.314,.364,.678,.297,-2.9,0.8,0.3,15124
Delino DeShields,Rangers,86,323,278,67,10,1,5,49,15,32,81,3,22,6,.241,.324,.344,.668,.297,-0.8,1.9,0.5,11379
Jose Reyes,Mets,85,328,299,73,13,3,8,42,31,24,45,1,13,4,.245,.301,.388,.689,.297,-8.1,0.8,-0.3,1736
Albert Pujols,Angels,96,412,385,98,13,0,14,37,67,23,58,2,2,0,.255,.298,.400,.699,.296,-0.5,-0.1,-0.2,1177
Franmil Reyes,Padres,82,340,313,73,15,1,13,38,47,23,97,1,2,3,.232,.286,.412,.698,.296,4.0,-1.0,0.3,14566
Jake Cave,Twins,72,312,287,69,13,3,9,35,36,19,89,2,4,2,.242,.292,.402,.694,.296,-0.9,-0.1,0.3,14477
Chris Owings,Diamondbacks,90,335,312,80,18,3,7,37,35,18,76,1,11,3,.256,.298,.397,.695,.296,-1.7,0.8,-0.3,10030
Ryan Flaherty,Braves,58,179,157,37,7,1,3,20,17,19,40,2,2,1,.235,.324,.353,.677,.296,1.5,-0.2,0.3,7888
Mikie Mahtook,Tigers,77,283,261,64,13,3,6,30,27,16,67,4,6,1,.246,.297,.392,.689,.296,-1.9,0.7,-0.1,13130
Alen Hanson,Giants,78,273,252,62,11,5,6,33,26,16,56,1,13,5,.246,.290,.406,.696,.295,1.6,0.2,0.5,12926
Jake Smolinski,Athletics,67,224,204,48,12,2,5,23,23,14,41,5,2,2,.236,.297,.386,.683,.295,-0.9,-0.9,0.2,5408
Mitch Garver,Twins,80,315,282,66,15,1,7,34,34,29,82,2,2,1,.233,.308,.371,.679,.295,1.7,-0.1,0.8,15161
Drew Robinson,Rangers,78,308,272,57,12,2,11,36,32,32,107,1,6,4,.210,.295,.386,.681,.295,1.4,-0.4,0.3,11761
Ben Gamel,Mariners,99,397,364,90,18,4,8,46,38,28,89,2,5,2,.248,.303,.381,.684,.295,0.4,-0.6,0.2,12160
Jace Peterson,Orioles,86,300,259,60,11,2,4,29,28,36,64,2,8,4,.232,.328,.338,.667,.295,-2.5,-0.1,0.0,12325
Johnny Field,Rays,80,329,306,74,18,2,9,38,35,16,83,4,7,4,.243,.287,.401,.688,.294,-1.4,-0.3,0.1,15048
Breyvic Valera,Dodgers,76,291,267,72,10,2,3,31,23,20,26,1,5,5,.270,.320,.354,.673,.294,0.5,-1.2,0.3,12758
Miguel Rojas,Marlins,95,288,261,68,12,1,4,29,25,18,32,4,3,2,.261,.318,.363,.681,.294,3.4,-0.9,0.8,7802
Michael A. Taylor,Nationals,95,356,325,76,15,2,12,41,37,26,117,1,17,5,.232,.291,.401,.692,.294,1.9,1.9,0.6,11489
A.J. Ellis,Padres,36,115,99,23,5,0,2,10,11,10,21,3,0,0,.230,.316,.351,.667,.293,0.1,0.0,0.3,5677
Chris Young,Angels,67,185,164,35,8,1,6,21,17,17,42,2,2,1,.214,.294,.385,.679,.293,-0.4,-0.1,0.1,3882
Guillermo Heredia,Mariners,90,308,271,67,10,0,4,32,21,25,46,8,2,4,.246,.324,.336,.661,.293,2.5,-1.3,0.3,18721
Pablo Sandoval,Giants,78,275,254,64,12,1,7,26,31,17,49,2,0,1,.251,.300,.382,.682,.293,-5.2,-0.5,-0.5,5409
Mallex Smith,Rays,93,367,330,84,13,6,3,40,26,29,83,3,27,10,.253,.316,.354,.670,.293,2.0,1.5,0.8,13608
Jarrod Dyson,Diamondbacks,83,256,229,57,8,4,3,36,20,18,37,4,19,4,.250,.314,.359,.672,.293,8.5,2.1,0.8,4866
Rob Refsnyder,Rays,80,279,249,59,12,2,5,30,22,26,56,2,5,2,.237,.312,.359,.670,.293,-1.7,-0.5,-0.3,13770
Dee Gordon,Mariners,108,479,450,129,15,5,2,62,25,17,67,5,38,10,.286,.317,.357,.674,.293,3.4,3.2,1.4,8203
Manny Pina,Brewers,68,243,223,54,12,1,6,26,28,15,45,3,1,1,.241,.295,.383,.678,.292,2.0,-0.8,0.6,2829
Freddy Galvis,Padres,110,435,400,102,18,4,8,45,41,27,79,2,9,4,.254,.302,.378,.680,.292,0.0,-0.3,0.8,6609
Hunter Pence,Giants,73,300,276,67,10,2,8,33,35,21,64,1,2,2,.244,.299,.380,.679,.292,-0.4,-0.4,-0.2,8252
Wilmer Difo,Nationals,95,342,312,81,13,2,5,41,29,24,65,2,11,4,.260,.314,.363,.677,.292,2.3,0.6,0.4,14320
Carlos Gomez,Rays,83,342,308,69,14,1,11,37,35,21,103,10,10,5,.225,.294,.379,.673,.292,1.5,0.0,0.2,4881
Dwight Smith Jr.,Blue Jays,75,309,282,68,15,1,6,33,29,23,63,2,5,4,.241,.302,.370,.672,.291,2.3,-0.5,0.0,13473
John Hicks,Tigers,72,268,252,62,13,1,8,31,32,13,70,1,4,2,.247,.284,.398,.682,.291,1.8,-0.4,0.0,12547
Eric Sogard,Brewers,80,251,219,52,10,1,2,28,18,27,36,2,3,2,.239,.326,.326,.652,.291,1.5,0.0,0.2,7927
Abraham Almonte,Royals,74,256,231,55,12,2,5,29,24,21,53,1,5,2,.236,.301,.373,.673,.290,0.1,-0.2,0.2,5486
Miguel Montero,Nationals,53,182,159,36,5,0,5,17,21,20,41,2,1,1,.225,.320,.347,.666,.290,-2.6,-0.1,0.0,3364
Austin Romine,Yankees,56,187,173,43,10,0,4,18,23,11,37,1,0,0,.251,.298,.377,.674,.290,-1.2,-0.5,0.3,5491
Christian Arroyo,Rays,60,251,233,59,13,1,5,25,26,14,49,2,2,1,.253,.300,.378,.678,.290,1.3,-0.5,0.4,16434
Cheslor Cuthbert,Royals,85,325,298,71,14,1,8,32,32,23,65,1,1,1,.239,.294,.376,.671,.290,-1.6,-0.6,-0.4,10473
Matt Szczur,Padres,82,195,173,41,8,1,3,23,17,18,38,2,5,2,.235,.310,.352,.662,.290,-1.6,-0.3,-0.2,11255
Carson Kelly,Cardinals,70,240,217,52,10,0,5,26,24,19,40,3,0,1,.239,.306,.353,.659,.290,2.7,-0.7,0.7,13620
Jason Castro,Twins,74,272,239,52,12,1,7,27,27,27,79,3,0,0,.217,.303,.357,.661,.289,3.4,-0.7,0.9,8722
David Bote,Cubs,77,304,275,65,15,1,6,32,31,21,71,5,3,2,.235,.299,.367,.666,.289,2.6,-0.2,0.3,14593
Gregor Blanco,Giants,74,223,200,49,8,3,2,27,13,21,52,1,8,3,.243,.315,.346,.661,.289,-5.4,0.6,-0.5,3123
Miguel Gomez,Giants,62,239,230,61,10,1,5,26,26,6,36,1,1,1,.267,.287,.390,.677,.289,-3.4,-1.0,-0.3,17075
Jett Bandy,Brewers,57,199,180,39,9,0,7,21,22,11,46,7,1,1,.216,.286,.379,.665,.289,0.5,-0.2,0.3,12508
Orlando Arcia,Brewers,108,406,377,94,15,3,10,40,41,25,76,1,10,4,.248,.296,.384,.679,.289,2.0,-0.2,0.4,13185
Travis Jankowski,Padres,67,246,217,54,7,3,1,29,12,24,56,2,14,3,.249,.326,.318,.644,.288,3.8,1.3,0.4,13768
Tyler Saladino,Brewers,62,219,200,49,8,2,4,25,19,13,46,2,6,2,.244,.295,.371,.666,.288,4.2,0.3,0.4,10807
Phil Gosselin,Braves,70,170,157,39,8,1,3,19,13,10,34,1,1,1,.251,.298,.370,.668,.288,-1.3,-0.3,-0.2,10953
Nick Ahmed,Diamondbacks,73,265,245,58,12,2,7,29,27,16,54,1,3,3,.238,.287,.392,.680,.288,3.2,-0.8,0.3,12147
Gorkys Hernandez,Giants,87,278,251,62,11,1,4,30,21,21,62,2,8,3,.248,.309,.350,.660,.288,-0.6,0.0,-0.1,4146
Jose Iglesias,Tigers,96,364,338,89,19,1,4,39,31,16,44,5,8,3,.262,.304,.359,.663,.288,4.8,0.2,1.0,10231
Johan Camargo,Braves,89,314,285,70,15,3,5,31,31,21,61,2,1,1,.244,.297,.374,.671,.287,2.4,-0.9,0.3,14950
Sandy Leon,Red Sox,59,210,190,45,9,1,5,23,22,16,48,2,0,0,.237,.300,.360,.660,.287,2.1,-0.1,0.6,5273
Amed Rosario,Mets,104,430,406,105,17,7,6,45,38,18,87,3,13,6,.258,.292,.378,.670,.287,2.7,0.2,0.9,15518
Jose Peraza,Reds,103,409,381,102,13,4,5,44,31,15,53,4,19,5,.268,.302,.362,.664,.287,0.6,1.3,0.5,13593
Josh Phegley,Athletics,41,143,132,30,9,1,4,16,17,8,26,2,0,1,.229,.281,.387,.668,.287,-0.7,-0.3,0.3,9308
Adeiny Hechavarria,Rays,94,351,328,88,12,4,4,36,31,17,54,1,4,1,.268,.303,.366,.669,.287,2.6,0.0,0.9,10459
Carlos Asuaje,Padres,100,399,356,84,15,3,6,38,34,34,75,3,2,3,.235,.304,.348,.652,.286,-0.4,-1.1,0.0,15197
Tomas Telis,Marlins,76,261,243,64,12,2,3,28,23,13,31,2,2,1,.261,.302,.359,.661,.286,-3.3,0.1,-0.3,10067
Joey Rickard,Orioles,70,229,207,50,10,1,4,25,18,16,49,2,5,1,.243,.302,.351,.653,.286,-0.6,0.5,-0.2,13277
Hanser Alberto,Rangers,64,236,224,59,10,1,5,25,24,5,32,2,3,3,.263,.283,.388,.670,.286,3.4,-0.6,0.5,11902
Jacob Nottingham,Brewers,63,243,216,46,10,1,7,25,25,18,73,7,3,2,.214,.293,.367,.659,.286,-0.2,-0.4,0.2,16448
Juan Lagares,Mets,87,254,236,61,11,2,3,29,20,11,48,3,6,2,.260,.300,.365,.664,.286,7.5,0.4,0.9,5384
Franklin Barreto,Athletics,81,346,321,76,13,3,9,38,34,17,95,5,10,6,.238,.284,.384,.668,.286,-1.5,-0.7,0.4,15519
Michael Hermosillo,Angels,68,297,263,60,12,2,5,30,25,22,77,7,13,8,.229,.302,.348,.650,.285,-4.3,-0.7,-0.2,16285
Ehire Adrianza,Twins,68,198,177,43,9,1,3,22,18,15,39,2,5,2,.240,.305,.350,.655,.285,1.0,-0.2,0.3,8418
Roberto Perez,Indians,50,170,146,29,6,1,5,17,19,20,49,1,0,1,.198,.297,.349,.646,.285,0.8,-0.3,0.4,2900
Andrew Susac,Orioles,42,151,135,28,6,1,5,17,17,14,47,1,0,0,.206,.285,.374,.660,.285,-2.1,-0.1,0.1,13132
Lane Adams,Cubs,80,259,236,53,9,1,8,29,27,19,81,2,14,3,.224,.286,.370,.657,.285,3.8,1.7,0.4,10767
Martin Prado,Marlins,76,313,290,75,13,1,4,30,29,19,40,2,1,1,.259,.306,.347,.654,.285,2.3,-0.5,0.2,3312
John Ryan Murphy,Diamondbacks,65,205,190,45,9,0,6,22,23,13,42,0,0,0,.235,.283,.377,.661,.285,0.3,0.0,0.0,10346
Max Moroff,Pirates,79,299,258,54,11,2,6,33,33,35,90,2,5,5,.212,.309,.332,.641,.284,-1.6,-1.2,-0.3,14556
Tim Anderson,White Sox,108,459,437,109,17,4,12,51,38,15,121,2,16,3,.249,.276,.391,.667,.284,-0.1,1.6,0.8,15172
Spencer Kieboom,Nationals,45,171,156,37,8,1,3,18,16,13,36,1,0,0,.236,.297,.352,.650,.284,-0.7,0.1,0.1,13300
Joey Wendle,Rays,97,398,374,93,19,3,8,42,38,17,84,5,7,2,.248,.286,.378,.664,.284,5.6,0.2,0.9,13853
Carlos Tocci,Rangers,82,335,309,80,13,3,2,33,27,17,63,4,3,3,.260,.306,.341,.648,.284,2.5,-1.3,0.1,14558
Pedro Severino,Nationals,67,238,218,54,10,1,4,22,21,16,47,2,2,1,.248,.305,.348,.653,.284,0.4,-0.4,0.3,14523
Mike Marjama,Mariners,60,230,215,51,13,1,6,22,26,10,46,3,1,2,.235,.276,.387,.663,.284,-3.9,-1.1,0.1,12594
Tyler Wade,Yankees,81,325,292,67,12,2,6,38,26,27,76,2,14,4,.229,.298,.349,.646,.283,0.1,1.0,0.2,15730
Andrew Knapp,Phillies,66,260,231,51,10,2,6,28,24,26,81,1,2,1,.219,.298,.352,.651,.283,-2.0,0.0,0.0,14942
Jesmuel Valentin,Phillies,62,231,209,50,9,2,4,25,22,16,47,1,1,2,.238,.295,.358,.653,.283,0.7,-0.8,-0.1,14548
Rene Rivera,Angels,55,168,154,35,7,0,6,14,23,10,50,2,0,0,.225,.280,.383,.663,.283,0.4,-0.1,0.4,3648
Bruce Maxwell,Athletics,62,226,204,47,11,0,4,21,22,20,51,0,0,1,.232,.298,.347,.645,.283,1.6,-1.2,0.5,13866
Kelby Tomlinson,Giants,91,291,262,66,9,2,1,30,20,23,55,2,12,4,.253,.318,.318,.636,.282,1.5,0.4,0.3,13005
Billy Hamilton,Reds,100,409,370,90,13,5,4,56,27,32,88,1,38,8,.244,.303,.340,.643,.282,8.0,4.3,1.0,10199
Pat Valaika,Rockies,96,308,285,66,15,2,9,32,34,15,81,1,4,3,.233,.273,.389,.661,.282,1.3,-0.9,-0.9,14885
Nick Hundley,Giants,65,209,197,47,11,1,6,20,25,11,53,0,1,1,.237,.276,.393,.669,.282,-5.0,-0.1,-0.2,3376
Giovanny Urshela,Blue Jays,79,296,278,70,13,1,5,30,29,13,46,2,0,1,.253,.288,.365,.653,.281,3.2,-0.4,0.3,10681
Ronald Torreyes,Yankees,80,265,248,66,12,2,2,26,22,9,30,2,2,2,.267,.297,.350,.647,.281,2.6,-0.3,0.3,11400
Lourdes Gurriel,Blue Jays,76,303,282,67,13,0,8,33,34,17,55,2,5,2,.238,.284,.369,.653,.281,-4.2,-0.3,-0.3,19238
Ichiro Suzuki,,82,169,154,39,5,1,1,17,11,12,25,1,2,1,.255,.311,.326,.637,.280,-0.1,0.2,-0.3,1101
Erik Gonzalez,Indians,82,285,269,66,11,2,7,31,30,10,80,1,5,4,.246,.276,.382,.658,.280,3.7,-0.4,0.2,13369
Brandon Snyder,Rays,68,251,227,47,11,1,8,28,26,19,84,4,2,1,.209,.279,.372,.652,.280,1.0,-0.3,-0.2,9856
David Freitas,Mariners,55,200,182,42,11,0,3,20,16,15,39,2,1,0,.234,.296,.341,.637,.280,-2.9,0.0,0.1,10619
Daniel Castro,Rockies,80,291,274,73,13,1,3,28,27,12,33,1,1,2,.265,.295,.356,.651,.280,4.7,-1.4,-0.4,15450
Efren Navarro,Cubs,86,325,294,70,12,1,5,33,26,28,67,1,1,2,.237,.303,.337,.640,.280,2.9,-0.8,-0.7,9854
Ryan Rua,Rangers,72,232,213,48,8,1,7,26,22,15,73,2,4,2,.224,.279,.371,.650,.279,1.2,0.1,-0.3,12409
Dalton Pompey,Blue Jays,70,284,256,59,9,2,5,32,21,23,70,2,13,3,.230,.297,.338,.635,.279,0.0,1.6,0.2,12797
Elias Diaz,Pirates,72,260,243,61,12,1,3,26,26,14,43,1,2,1,.251,.292,.351,.643,.279,2.5,0.1,0.4,11680
Anthony Alford,Blue Jays,56,231,206,45,9,1,5,25,20,20,66,4,9,3,.220,.297,.336,.633,.279,6.4,0.5,0.7,14329
Austin Hedges,Padres,73,263,246,55,11,1,9,24,36,13,71,2,2,1,.225,.268,.389,.657,.279,4.2,-0.4,0.8,12976
Isiah Kiner-Falefa,Rangers,90,385,351,86,15,2,3,37,26,23,56,7,9,4,.246,.303,.327,.630,.278,2.1,-0.1,0.0,16512
Lewis Brinson,Marlins,80,329,302,66,12,2,10,33,34,22,85,3,7,3,.217,.275,.373,.649,.278,5.0,0.1,0.4,14352
Omar Narvaez,White Sox,66,230,203,49,7,0,1,19,11,23,37,1,0,1,.242,.319,.296,.615,.277,-1.0,-0.6,0.2,13338
Tzu-Wei Lin,Red Sox,75,281,256,61,10,3,4,28,20,20,56,0,7,4,.239,.293,.340,.634,.277,2.0,-0.5,0.1,14678
Raffy Lopez,Padres,55,195,175,38,6,1,5,20,20,17,54,1,1,0,.220,.291,.345,.636,.277,-1.4,0.0,0.2,12606
Jake Marisnick,Astros,84,244,225,48,10,1,9,34,27,12,80,3,10,3,.216,.265,.383,.648,.276,2.4,0.5,0.4,11339
Chad Wallach,Marlins,51,195,175,37,9,0,5,20,19,16,54,2,1,1,.214,.285,.344,.629,.276,-1.3,-0.1,0.0,17161
Kyle Farmer,Dodgers,75,271,251,59,14,2,4,24,28,14,48,3,1,1,.236,.284,.356,.640,.276,-0.3,-0.5,-0.2,14813
Phillip Evans,Mets,85,316,293,70,14,1,5,30,26,19,62,2,1,1,.239,.288,.344,.632,.276,3.0,-1.0,0.1,12950
Niko Goodrum,Tigers,85,324,299,67,14,2,8,34,32,21,92,1,9,3,.223,.276,.364,.640,.275,-2.4,0.5,-0.7,12092
Dixon Machado,Tigers,97,362,327,78,16,1,3,36,27,26,60,3,5,2,.239,.298,.324,.623,.275,2.2,0.2,0.1,11472
Yairo Munoz,Cardinals,76,303,288,69,13,2,7,30,31,12,62,1,8,3,.242,.272,.372,.644,.275,-1.7,0.3,-0.4,16313
Trayce Thompson,White Sox,85,304,279,56,12,3,11,35,32,22,94,1,4,2,.201,.259,.386,.646,.275,0.4,-0.3,-0.3,9952
Alcides Escobar,Royals,111,448,418,107,20,3,4,48,36,16,65,4,7,4,.255,.288,.348,.636,.274,-1.1,-0.5,0.0,6310
Francisco Pena,Cardinals,53,187,177,43,8,0,5,20,19,7,36,1,1,1,.242,.275,.364,.639,.274,1.6,-0.4,0.2,8298
Christian Vazquez,Red Sox,71,262,243,59,13,1,3,26,21,14,49,3,3,1,.243,.291,.336,.627,.274,1.0,-0.2,0.3,9774
Juan Centeno,Rangers,50,181,169,43,7,1,2,16,16,10,31,1,1,1,.252,.293,.337,.630,.274,-3.6,-0.4,-0.3,7168
Ryan LaMarre,Twins,58,192,174,39,6,1,4,18,16,13,60,3,6,4,.226,.290,.329,.619,.273,1.6,-0.4,-0.1,10700
Greg Allen,Indians,75,306,275,64,11,2,3,34,22,17,66,10,15,4,.232,.298,.316,.614,.273,-1.5,1.4,-0.3,16623
Jorge Alfaro,Phillies,78,320,299,67,11,1,10,31,34,14,112,6,1,1,.225,.271,.366,.637,.272,-0.6,-0.4,-0.1,12180
Martin Maldonado,Angels,84,282,251,54,10,1,7,24,25,16,68,9,0,1,.215,.284,.340,.624,.272,2.8,-0.8,0.7,6887
Jose Rondon,White Sox,65,270,251,60,11,2,4,26,24,14,59,1,4,2,.240,.281,.349,.629,.272,1.7,-0.4,0.2,14140
Peter Bourjos,Braves,76,174,159,35,8,2,3,21,14,10,45,2,4,3,.219,.272,.359,.631,.271,1.8,-0.5,-0.2,2578
Rajai Davis,Indians,80,261,240,56,12,1,4,37,17,16,55,2,20,5,.234,.284,.337,.621,.270,-0.8,1.8,-0.4,3708
JaCoby Jones,Tigers,95,376,345,73,14,3,10,40,35,22,124,5,10,4,.213,.269,.357,.626,.270,4.8,0.2,-0.2,14818
Hunter Dozier,Royals,69,278,254,53,14,1,7,30,26,21,92,2,3,1,.207,.272,.350,.622,.269,-1.4,-0.2,-0.4,15117
Luis Guillorme,Mets,85,355,320,79,12,1,1,34,20,28,45,1,2,2,.246,.306,.293,.600,.269,4.0,-0.7,0.0,16451
Pedro Florimon,Phillies,78,242,220,46,9,2,5,26,21,19,78,1,4,2,.211,.276,.342,.618,.269,1.1,-0.2,-0.2,8385
Bryan Holaday,Marlins,65,208,193,43,9,1,5,19,22,10,35,2,0,2,.223,.270,.353,.623,.269,0.9,-1.0,0.0,11287
Grayson Greiner,Tigers,58,223,206,46,9,1,5,20,22,14,59,1,0,0,.221,.273,.349,.621,.268,1.8,0.0,0.3,17062
Gregorio Petit,Twins,56,193,181,44,10,1,2,18,18,9,38,1,2,1,.242,.278,.344,.622,.268,1.9,0.0,0.1,3812
Carlos Perez,Braves,58,209,191,42,10,1,4,21,22,14,36,1,2,1,.219,.274,.341,.614,.267,1.2,-0.2,0.1,10642
Paulo Orlando,Royals,68,246,232,57,10,2,3,24,20,9,53,2,5,2,.244,.277,.341,.618,.267,3.2,-0.2,-0.1,8628
Nolan Fontana,Angels,68,267,227,44,11,1,4,27,19,32,80,2,5,3,.194,.295,.297,.592,.267,3.4,-0.3,0.2,13267
Blake Swihart,Red Sox,54,195,178,39,7,1,3,21,16,15,50,1,2,1,.221,.281,.326,.607,.267,-0.1,-0.1,-0.7,13176
Ryan Goins,Royals,87,280,257,60,12,1,4,24,28,17,61,1,2,1,.232,.280,.330,.610,.267,-1.1,-0.1,-0.4,9807
Tomas Nido,Mets,72,269,254,58,12,1,6,25,27,13,58,1,0,1,.229,.267,.352,.618,.266,0.9,-0.3,0.0,13755
Rosell Herrera,Reds,69,257,232,52,8,2,3,25,16,20,61,1,9,4,.226,.290,.313,.603,.266,-1.6,-0.1,-0.7,11611
Tony Wolters,Rockies,60,211,186,40,7,1,3,21,17,20,50,2,1,1,.217,.297,.308,.605,.266,4.5,-0.3,0.0,11470
Gordon Beckham,Mariners,62,217,199,44,10,0,5,21,21,13,41,2,1,1,.219,.272,.340,.612,.265,0.9,0.0,0.0,9015
Luis Sardinas,Orioles,77,273,256,64,8,2,3,27,22,11,45,1,5,3,.249,.282,.327,.609,.265,-1.6,-0.4,-0.5,13153
Luke Maile,Blue Jays,60,212,195,42,10,1,4,22,21,14,51,1,1,1,.216,.272,.335,.606,.264,3.6,0.0,0.4,13355
Rafael Bautista,Nationals,66,256,236,58,7,2,1,26,16,13,45,3,13,5,.246,.292,.306,.597,.264,-1.2,0.5,-0.6,15769
Adrian Sanchez,Nationals,67,225,211,51,10,1,2,21,19,10,43,1,4,2,.242,.279,.330,.609,.264,0.2,0.3,-0.2,11338
Caleb Joseph,Orioles,61,200,187,41,8,1,5,18,18,9,52,2,0,0,.217,.256,.358,.614,.263,3.3,-0.1,0.4,7087
Andrew Stevenson,Nationals,88,334,307,74,10,4,2,32,24,20,74,2,11,6,.240,.288,.312,.600,.263,1.9,-0.4,-0.8,17932
Victor Reyes,Tigers,88,332,313,76,12,4,3,34,25,14,62,1,9,5,.244,.277,.332,.610,.263,1.2,-0.6,-1.2,15487
Drew Butera,Royals,46,121,108,23,5,1,2,10,10,10,29,1,0,0,.211,.280,.314,.594,.263,-1.5,0.0,-0.1,3411
Braxton Lee,Marlins,79,318,285,67,9,2,1,29,18,24,66,2,9,8,.235,.297,.290,.588,.262,5.4,-2.0,-0.2,16839
Shane Robinson,Yankees,67,207,189,44,7,1,1,23,16,14,28,1,6,1,.234,.289,.304,.593,.262,2.4,0.5,0.0,4249
Richard Urena,Blue Jays,92,379,356,82,18,3,6,33,35,16,90,1,2,2,.230,.265,.344,.609,.261,-3.7,-0.7,-1.0,16411
J.B. Shuck,Marlins,84,281,259,60,9,3,2,26,19,17,30,2,3,2,.233,.282,.316,.597,.261,-3.7,-0.1,-1.1,6677
Andrew Romine,Mariners,82,192,174,40,6,1,2,22,12,12,45,2,4,2,.227,.283,.301,.584,.260,1.1,0.1,-0.2,1159
Bobby Wilson,Twins,46,159,145,31,5,0,4,15,20,10,40,1,0,0,.216,.265,.337,.602,.259,0.8,-1.0,-0.1,6564
Juan Graterol,Angels,36,107,102,26,5,0,1,9,10,2,15,1,0,0,.250,.269,.330,.600,.259,1.6,-0.1,0.2,5398
Chris Stewart,Braves,30,92,83,20,2,1,0,7,5,6,14,1,0,0,.238,.299,.282,.581,.258,-0.9,0.0,-0.2,3878
Deven Marrero,Diamondbacks,81,270,250,54,11,1,5,31,25,16,77,1,7,2,.217,.265,.326,.590,.257,3.5,-0.2,-0.5,13325
Jesus Sucre,Rays,41,132,123,30,4,0,2,12,14,4,22,1,1,0,.241,.272,.317,.589,.257,0.9,0.1,0.1,5942
Cliff Pennington,Rangers,54,136,120,25,3,1,2,13,10,13,37,1,2,1,.206,.286,.283,.569,.257,-0.2,-0.1,-0.4,3395
Tony Cruz,Reds,45,148,136,29,6,0,3,13,15,9,40,1,0,1,.211,.266,.329,.595,.256,-1.2,-0.8,-0.4,2802
Matt Reynolds,Nationals,74,275,251,53,11,2,4,27,24,19,76,2,5,2,.209,.268,.314,.583,.256,1.4,0.2,-0.4,13788
Cam Gallagher,Royals,58,211,194,43,8,0,3,20,18,13,30,1,1,1,.222,.273,.311,.584,.255,2.6,-0.4,0.1,12981
Craig Gentry,Orioles,76,217,197,43,6,1,2,22,14,15,48,2,10,4,.217,.279,.282,.562,.252,3.3,0.3,-0.4,9571
Adam Engel,White Sox,96,386,345,67,12,3,7,38,29,28,124,5,15,5,.193,.263,.307,.570,.251,1.5,0.7,-0.6,15082
Charlie Culberson,Braves,85,261,244,54,9,2,3,23,19,14,57,2,3,2,.220,.264,.312,.576,.250,2.1,-0.4,-0.6,3298
Jose Lobaton,Mets,36,116,103,20,3,0,2,8,9,11,28,1,0,0,.192,.270,.287,.557,.247,-1.3,-0.2,-0.3,4243
Gift Ngoepe,Blue Jays,65,226,202,36,8,2,5,22,21,18,90,2,2,2,.176,.248,.312,.560,.246,4.1,-0.6,-0.3,10340
Jeff Mathis,Diamondbacks,38,121,110,22,4,1,1,8,8,9,37,1,1,0,.196,.260,.274,.534,.237,1.2,0.0,-0.2,3448
Pete Kozma,Tigers,74,216,198,39,8,0,2,22,15,12,47,2,4,3,.199,.253,.275,.527,.235,4.6,-0.4,-0.2,2539
Engelb Vielma,Orioles,74,280,258,57,6,1,0,24,13,15,59,1,5,6,.222,.267,.256,.523,.234,5.0,-1.6,-0.5,15481
Yadiel Rivera,Marlins,87,284,263,51,7,2,3,25,19,15,82,2,3,2,.195,.243,.274,.518,.227,3.1,-0.5,-1.1,11863
